-- phpMyAdmin SQL Dump
-- version 5.1.1
-- https://www.phpmyadmin.net/
--
-- Hôte : db
-- Généré le : dim. 20 mars 2022 à 16:25
-- Version du serveur : 8.0.27
-- Version de PHP : 7.4.20

SET SQL_MODE = "NO_AUTO_VALUE_ON_ZERO";
START TRANSACTION;
SET time_zone = "+00:00";


/*!40101 SET @OLD_CHARACTER_SET_CLIENT=@@CHARACTER_SET_CLIENT */;
/*!40101 SET @OLD_CHARACTER_SET_RESULTS=@@CHARACTER_SET_RESULTS */;
/*!40101 SET @OLD_COLLATION_CONNECTION=@@COLLATION_CONNECTION */;
/*!40101 SET NAMES utf8mb4 */;

--
-- Base de données : `wellnessAnnuary`
--

-- --------------------------------------------------------

--
-- Structure de la table `comment`
--

CREATE TABLE IF NOT EXISTS `comment` (
  `id` int NOT NULL AUTO_INCREMENT,
  `provider_id` int NOT NULL,
  `customer_id` int NOT NULL,
  `title` varchar(120) COLLATE utf8mb4_unicode_ci NOT NULL,
  `content` varchar(255) COLLATE utf8mb4_unicode_ci NOT NULL,
  `rating` int NOT NULL,
  `published_at` datetime NOT NULL,
  PRIMARY KEY (`id`),
  KEY `IDX_9474526CA53A8AA` (`provider_id`),
  KEY `IDX_9474526C9395C3F3` (`customer_id`)
) ENGINE=InnoDB DEFAULT CHARSET=utf8mb4 COLLATE=utf8mb4_unicode_ci;

-- --------------------------------------------------------

--
-- Structure de la table `customer`
--

CREATE TABLE IF NOT EXISTS `customer` (
  `id` int NOT NULL AUTO_INCREMENT,
  `user_id` int NOT NULL,
  `last_name` varchar(50) COLLATE utf8mb4_unicode_ci NOT NULL,
  `first_name` varchar(50) COLLATE utf8mb4_unicode_ci NOT NULL,
  `newsletter` tinyint(1) NOT NULL,
  `avatar` varchar(255) COLLATE utf8mb4_unicode_ci NOT NULL,
  PRIMARY KEY (`id`),
  UNIQUE KEY `UNIQ_81398E09A76ED395` (`user_id`)
) ENGINE=InnoDB AUTO_INCREMENT=3 DEFAULT CHARSET=utf8mb4 COLLATE=utf8mb4_unicode_ci;

-- --------------------------------------------------------

--
-- Structure de la table `doctrine_migration_versions`
--

CREATE TABLE IF NOT EXISTS `doctrine_migration_versions` (
  `version` varchar(191) COLLATE utf8_unicode_ci NOT NULL,
  `executed_at` datetime DEFAULT NULL,
  `execution_time` int DEFAULT NULL,
  PRIMARY KEY (`version`)
) ENGINE=InnoDB DEFAULT CHARSET=utf8mb3 COLLATE=utf8_unicode_ci;

--
-- Déchargement des données de la table `doctrine_migration_versions`
--

INSERT INTO `doctrine_migration_versions` (`version`, `executed_at`, `execution_time`) VALUES
('DoctrineMigrations\\Version20211216182837', '2022-03-20 14:09:29', 2603),
('DoctrineMigrations\\Version20211230222740', '2022-03-20 14:09:31', 195),
('DoctrineMigrations\\Version20220120181914', '2022-03-20 14:09:31', 15),
('DoctrineMigrations\\Version20220201172248', '2022-03-20 14:09:31', 67),
('DoctrineMigrations\\Version20220206103810', '2022-03-20 14:09:32', 40),
('DoctrineMigrations\\Version20220206123709', '2022-03-20 14:09:32', 180),
('DoctrineMigrations\\Version20220209152854', '2022-03-20 14:09:32', 80),
('DoctrineMigrations\\Version20220317170354', '2022-03-20 14:09:32', 28);

-- --------------------------------------------------------

--
-- Structure de la table `favorite`
--

CREATE TABLE IF NOT EXISTS `favorite` (
  `customer_id` int NOT NULL,
  `provider_id` int NOT NULL,
  PRIMARY KEY (`provider_id`,`customer_id`),
  KEY `IDX_68C58ED99395C3F3` (`customer_id`),
  KEY `IDX_68C58ED9A53A8AA` (`provider_id`)
) ENGINE=InnoDB DEFAULT CHARSET=utf8mb4 COLLATE=utf8mb4_unicode_ci;

-- --------------------------------------------------------

--
-- Structure de la table `image`
--

CREATE TABLE IF NOT EXISTS `image` (
  `id` int NOT NULL AUTO_INCREMENT,
  `service_category_id` int DEFAULT NULL,
  `customer_id` int DEFAULT NULL,
  `provider_id` int DEFAULT NULL,
  `ordering` int NOT NULL,
  `file_name` varchar(255) COLLATE utf8mb4_unicode_ci NOT NULL,
  `type` varchar(255) COLLATE utf8mb4_unicode_ci NOT NULL,
  PRIMARY KEY (`id`),
  KEY `IDX_C53D045FDEDCBB4E` (`service_category_id`),
  KEY `IDX_C53D045F9395C3F3` (`customer_id`),
  KEY `IDX_C53D045FA53A8AA` (`provider_id`)
) ENGINE=InnoDB AUTO_INCREMENT=6 DEFAULT CHARSET=utf8mb4 COLLATE=utf8mb4_unicode_ci;

-- --------------------------------------------------------

--
-- Structure de la table `internship`
--

CREATE TABLE IF NOT EXISTS `internship` (
  `id` int NOT NULL AUTO_INCREMENT,
  `provider_id` int NOT NULL,
  `name` varchar(120) COLLATE utf8mb4_unicode_ci NOT NULL,
  `description` longtext COLLATE utf8mb4_unicode_ci NOT NULL,
  `price` double NOT NULL,
  `additional_information` longtext COLLATE utf8mb4_unicode_ci,
  `start_at` date NOT NULL,
  `end_at` date NOT NULL,
  `displayed_from` date NOT NULL,
  `displayed_until` date NOT NULL,
  PRIMARY KEY (`id`),
  KEY `IDX_10D1B00CA53A8AA` (`provider_id`)
) ENGINE=InnoDB DEFAULT CHARSET=utf8mb4 COLLATE=utf8mb4_unicode_ci;

-- --------------------------------------------------------

--
-- Structure de la table `locality`
--

CREATE TABLE IF NOT EXISTS `locality` (
  `id` int NOT NULL AUTO_INCREMENT,
  `post_code_id` int NOT NULL,
  `name` varchar(180) COLLATE utf8mb4_unicode_ci NOT NULL,
  PRIMARY KEY (`id`),
  KEY `IDX_E1D6B8E61A324924` (`post_code_id`)
) ENGINE=InnoDB AUTO_INCREMENT=2826 DEFAULT CHARSET=utf8mb4 COLLATE=utf8mb4_unicode_ci;

--
-- Déchargement des données de la table `locality`
--

INSERT INTO `locality` (`id`, `post_code_id`, `name`) VALUES
(1, 228, '\'S Gravenwezel'),
(2, 327, '\'S Herenelderen'),
(3, 844, '3 Suisses'),
(4, 1081, 'Aaigem'),
(5, 958, 'Aalbeke'),
(6, 1070, 'AALST'),
(7, 345, 'Aalst'),
(8, 1123, 'AALTER'),
(9, 260, 'AARSCHOT'),
(10, 989, 'Aarsele'),
(11, 934, 'Aartrijke'),
(12, 203, 'AARTSELAAR'),
(13, 442, 'Abée'),
(14, 411, 'Abolens'),
(15, 359, 'Achel'),
(16, 605, 'Achêne'),
(17, 564, 'Achet'),
(18, 402, 'Acosse'),
(19, 656, 'Acoz'),
(20, 12, 'ACTISOC'),
(21, 1145, 'Adegem'),
(22, 984, 'Adinkerke'),
(23, 107, 'AFFLIGEM'),
(24, 1042, 'Afsnee'),
(25, 589, 'Agimont'),
(26, 414, 'Aineffe'),
(27, 550, 'Aische-En-Refail'),
(28, 655, 'Aiseau'),
(29, 655, 'AISEAU-PRESLES'),
(30, 540, 'Aisemont'),
(31, 308, 'ALKEN'),
(32, 590, 'Alle'),
(33, 427, 'Alleur'),
(34, 83, 'Alsemberg'),
(35, 987, 'ALVERINGEM'),
(36, 440, 'AMAY'),
(37, 699, 'Amberloup'),
(38, 488, 'AMBLÈVE'),
(39, 772, 'Ambly'),
(40, 402, 'Ambresin'),
(41, 784, 'Amonines'),
(42, 884, 'Amougies'),
(43, 440, 'Ampsin'),
(44, 549, 'ANDENNE'),
(45, 7, 'ANDERLECHT'),
(46, 639, 'ANDERLUES'),
(47, 500, 'Andrimont'),
(48, 372, 'Angleur'),
(49, 837, 'Angre'),
(50, 837, 'Angreau'),
(51, 584, 'ANHÉE'),
(52, 712, 'Anlier'),
(53, 759, 'Anloy'),
(54, 584, 'Annevoie-Rouillon'),
(55, 425, 'ANS'),
(56, 573, 'Anseremme'),
(57, 884, 'Anseroeul'),
(58, 578, 'Anthée'),
(59, 437, 'Antheit'),
(60, 390, 'ANTHISNES'),
(61, 873, 'ANTOING'),
(62, 134, 'ANTWERPEN'),
(63, 130, 'ANTWERPEN'),
(64, 132, 'ANTWERPEN'),
(65, 131, 'ANTWERPEN'),
(66, 129, 'ANTWERPEN'),
(67, 135, 'ANTWERPEN'),
(68, 133, 'ANTWERPEN'),
(69, 136, 'Antwerpen x'),
(70, 917, 'Anvaing'),
(71, 969, 'ANZEGEM'),
(72, 1060, 'Appels'),
(73, 1075, 'Appelterre-Eichem'),
(74, 897, 'Arbre'),
(75, 547, 'Arbre'),
(76, 526, 'Arbrefontaine'),
(77, 917, 'Arc-Ainières'),
(78, 917, 'Arc-Wattripont'),
(79, 42, 'Archennes'),
(80, 1008, 'ARDOOIE'),
(81, 172, 'ARENDONK'),
(82, 448, 'Argenteau'),
(83, 707, 'ARLON'),
(84, 819, 'Arquennes'),
(85, 539, 'Arsimont'),
(86, 756, 'Arville'),
(87, 322, 'AS'),
(88, 1079, 'Aspelare'),
(89, 1125, 'Asper'),
(90, 797, 'Asquillies'),
(91, 94, 'ASSE'),
(92, 937, 'Assebroek'),
(93, 1, 'Assemblée de la Commission Communautaire Française'),
(94, 1, 'Assemblée Réunie de la Commission Communautaire'),
(95, 1135, 'ASSENEDE'),
(96, 755, 'Assenois'),
(97, 291, 'Assent'),
(98, 551, 'ASSESSE'),
(99, 1114, 'Astene'),
(100, 891, 'ATH'),
(101, 837, 'Athis'),
(102, 731, 'Athus'),
(103, 287, 'Attenhoven'),
(104, 282, 'Attenrode'),
(105, 710, 'ATTERT'),
(106, 921, 'Attre'),
(107, 730, 'AUBANGE'),
(108, 928, 'Aubechies'),
(109, 515, 'AUBEL'),
(110, 616, 'Aublain'),
(111, 757, 'Auby-Sur-Semois'),
(112, 17, 'AUDERGHEM'),
(113, 836, 'Audregnies'),
(114, 797, 'Aulnois'),
(115, 709, 'Autelbas'),
(116, 39, 'Autre-Eglise'),
(117, 837, 'Autreppe'),
(118, 539, 'Auvelais'),
(119, 604, 'Ave-Et-Auffe'),
(120, 980, 'Avekapelle'),
(121, 972, 'AVELGEM'),
(122, 408, 'Avennes'),
(123, 269, 'Averbode'),
(124, 411, 'Avernas-Le-Bauduin'),
(125, 411, 'Avin'),
(126, 415, 'AWANS'),
(127, 756, 'Awenne'),
(128, 423, 'Awirs'),
(129, 760, 'Aye'),
(130, 458, 'Ayeneux'),
(131, 519, 'AYWAILLE'),
(132, 1125, 'Baaigem'),
(133, 254, 'Baal'),
(134, 1072, 'Baardegem'),
(135, 176, 'BAARLE-HERTOG'),
(136, 1060, 'Baasrode'),
(137, 1114, 'Bachte-Maria-Leerne'),
(138, 504, 'BAELEN'),
(139, 590, 'Bagimont'),
(140, 663, 'Baileux'),
(141, 659, 'Bailièvre'),
(142, 591, 'Baillamont'),
(143, 880, 'Bailleul'),
(144, 571, 'Baillonville'),
(145, 835, 'Baisieux'),
(146, 58, 'Baisy-Thy'),
(147, 548, 'Balâtre'),
(148, 1121, 'Balegem'),
(149, 186, 'BALEN'),
(150, 1081, 'Bambrugge'),
(151, 770, 'Bande'),
(152, 665, 'Barbençon'),
(153, 468, 'Barchon'),
(154, 597, 'Baronville'),
(155, 852, 'Barry'),
(156, 567, 'Barvaux-Condroz'),
(157, 767, 'Barvaux-Sur-Ourthe'),
(158, 437, 'Bas-Oha'),
(159, 890, 'Bas-Warneton'),
(160, 927, 'Basècles'),
(161, 524, 'Basse-Bodeux'),
(162, 475, 'BASSENGE'),
(163, 1137, 'Bassevelde'),
(164, 901, 'Bassilly'),
(165, 684, 'BASTOGNE'),
(166, 353, 'Batsheers'),
(167, 463, 'Battice'),
(168, 810, 'Battignies'),
(169, 828, 'Baudour'),
(170, 909, 'Bauffe'),
(171, 863, 'Baugnies'),
(172, 44, 'Baulers'),
(173, 1089, 'Bavegem'),
(174, 961, 'Bavikhove'),
(175, 1054, 'Bazel'),
(176, 379, 'Beaufays'),
(177, 665, 'BEAUMONT'),
(178, 597, 'BEAURAING'),
(179, 777, 'Beausaint'),
(180, 27, 'BEAUVECHAIN'),
(181, 682, 'Beauwelz'),
(182, 850, 'Béclers'),
(183, 364, 'Beek'),
(184, 1099, 'Beerlegem'),
(185, 992, 'BEERNEM'),
(186, 169, 'BEERSE'),
(187, 81, 'BEERSEL'),
(188, 977, 'Beerst'),
(189, 88, 'Beert'),
(190, 1046, 'Beervelde'),
(191, 197, 'Beerzel'),
(192, 527, 'Beez'),
(193, 782, 'Beffe'),
(194, 255, 'BEGIJNENDIJK'),
(195, 696, 'Beho'),
(196, 115, 'Beigem'),
(197, 953, 'Bekegem'),
(198, 94, 'Bekkerzeel'),
(199, 291, 'BEKKEVOORT'),
(200, 528, 'Belgrade'),
(201, 453, 'Bellaire'),
(202, 817, 'Bellecourt'),
(203, 591, 'Bellefontaine'),
(204, 715, 'Bellefontaine'),
(205, 957, 'Bellegem'),
(206, 1124, 'Bellem'),
(207, 746, 'Bellevaux'),
(208, 521, 'Bellevaux-Ligneuville'),
(209, 89, 'Bellingen'),
(210, 926, 'BELOEIL'),
(211, 1049, 'Belsele'),
(212, 436, 'Ben-Ahin'),
(213, 768, 'Bende'),
(214, 304, 'Berbroek'),
(215, 199, 'Berchem'),
(216, 1107, 'Berchem'),
(217, 10, 'BERCHEM-SAINTE-AGATHE'),
(218, 133, 'Berendrecht'),
(219, 120, 'Berg'),
(220, 327, 'Berg'),
(221, 421, 'Bergilers'),
(222, 309, 'BERINGEN'),
(223, 198, 'BERLAAR'),
(224, 1069, 'BERLARE'),
(225, 348, 'Berlingen'),
(226, 407, 'BERLOZ'),
(227, 451, 'Berneau'),
(228, 824, 'BERNISSART'),
(229, 676, 'Bersillies-L\'Abbaye'),
(230, 243, 'BERTEM'),
(231, 702, 'BERTOGNE'),
(232, 411, 'Bertrée'),
(233, 757, 'BERTRIX'),
(234, 615, 'Berzée'),
(235, 1033, 'Beselare'),
(236, 255, 'Betekom'),
(237, 413, 'Bettincourt'),
(238, 536, 'Beuzet'),
(239, 195, 'Bevel'),
(240, 521, 'Bevercé'),
(241, 1108, 'Bevere'),
(242, 1003, 'Beveren'),
(243, 1000, 'Beveren'),
(244, 988, 'Beveren-Aan-De-Ijzer'),
(245, 1051, 'BEVEREN-WAAS'),
(246, 310, 'Beverlo'),
(247, 336, 'Beverst'),
(248, 453, 'BEYNE-HEUSAY'),
(249, 675, 'Bienne-Lez-Happart'),
(250, 278, 'BIERBEEK'),
(251, 670, 'Biercée'),
(252, 24, 'Bierges'),
(253, 51, 'Bierghes'),
(254, 433, 'Bierset'),
(255, 572, 'Bierwart'),
(256, 610, 'Biesme'),
(257, 668, 'Biesme-Sous-Thuin'),
(258, 610, 'Biesmerée'),
(259, 72, 'BIÉVÈNE'),
(260, 591, 'BIÈVRE'),
(261, 42, 'Biez'),
(262, 704, 'Bihain'),
(263, 1019, 'Bikschote'),
(264, 502, 'Bilstain'),
(265, 336, 'BILZEN'),
(266, 810, 'BINCHE'),
(267, 352, 'Binderveld'),
(268, 264, 'Binkom'),
(269, 584, 'Bioul'),
(270, 956, 'Bissegem'),
(271, 889, 'Bizet'),
(272, 212, 'Blaasveld'),
(273, 587, 'Blaimont'),
(274, 847, 'Blandain'),
(275, 240, 'Blanden'),
(276, 939, 'BLANKENBERGE'),
(277, 797, 'Blaregnies'),
(278, 825, 'Blaton'),
(279, 834, 'Blaugies'),
(280, 467, 'BLÉGNY'),
(281, 868, 'Bléharies'),
(282, 411, 'Blehen'),
(283, 722, 'Bleid'),
(284, 413, 'Bleret'),
(285, 914, 'Blicquy'),
(286, 363, 'BOCHOLT'),
(287, 439, 'Bodegnée'),
(288, 190, 'BOECHOUT'),
(289, 354, 'Boekhout'),
(290, 1136, 'Boekhoute'),
(291, 403, 'Boëlhe'),
(292, 1016, 'Boezinge'),
(293, 86, 'Bogaarden'),
(294, 590, 'Bohan'),
(295, 545, 'Boignée'),
(296, 475, 'Boirs'),
(297, 817, 'Bois-D\'Haine'),
(298, 908, 'Bois-De-Lessines'),
(299, 547, 'Bois-De-Villers'),
(300, 443, 'Bois-Et-Borsu'),
(301, 550, 'Bolinne'),
(302, 465, 'Bolland'),
(303, 39, 'Bomal'),
(304, 768, 'Bomal-Sur-Ourthe'),
(305, 451, 'Bombaye'),
(306, 351, 'Bommershoven'),
(307, 862, 'Bon-Secours'),
(308, 381, 'Boncelles'),
(309, 550, 'Boneffe'),
(310, 211, 'BONHEIDEN'),
(311, 533, 'Boninne'),
(312, 28, 'Bonlez'),
(313, 707, 'Bonnert'),
(314, 549, 'Bonneville'),
(315, 571, 'Bonsin'),
(316, 146, 'Booischot'),
(317, 980, 'Booitshoeke'),
(318, 215, 'BOOM'),
(319, 318, 'Boorsem'),
(320, 258, 'BOORTMEERBEEK'),
(321, 103, 'Borchtlombeek'),
(322, 139, 'Borgerhout'),
(323, 351, 'BORGLOON'),
(324, 414, 'Borlez'),
(325, 355, 'Borlo'),
(326, 768, 'Borlon'),
(327, 219, 'BORNEM'),
(328, 46, 'Bornival'),
(329, 140, 'BORSBEEK'),
(330, 1093, 'Borsbeke'),
(331, 538, 'Bossière'),
(332, 975, 'Bossuit'),
(333, 42, 'Bossut-Gottechain'),
(334, 274, 'Bost'),
(335, 538, 'Bothey'),
(336, 1116, 'Bottelare'),
(337, 644, 'Bouffioulx'),
(338, 531, 'Bouge'),
(339, 797, 'Bougnies'),
(340, 742, 'BOUILLON'),
(341, 663, 'Bourlers'),
(342, 602, 'Bourseigne-Neuve'),
(343, 602, 'Bourseigne-Vieille'),
(344, 808, 'Boussoit'),
(345, 822, 'BOUSSU'),
(346, 616, 'Boussu-En-Fagne'),
(347, 657, 'Boussu-Lez-Walcourt'),
(348, 58, 'Bousval'),
(349, 279, 'BOUTERSEM'),
(350, 573, 'Bouvignes-Sur-Meuse'),
(351, 894, 'Bouvignies'),
(352, 159, 'Bouwel'),
(353, 986, 'Bovekerke'),
(354, 353, 'Bovelingen'),
(355, 413, 'Bovenistier'),
(356, 542, 'Bovesse'),
(357, 695, 'Bovigny'),
(358, 526, 'Bra'),
(359, 863, 'Braffe'),
(360, 605, 'Braibant'),
(361, 48, 'BRAINE-L\'ALLEUD'),
(362, 53, 'BRAINE-LE-CHÂTEAU'),
(363, 806, 'BRAINE-LE-COMTE'),
(364, 408, 'BRAIVES'),
(365, 1101, 'BRAKEL'),
(366, 550, 'Branchon'),
(367, 733, 'Bras'),
(368, 863, 'Brasménil'),
(369, 224, 'BRASSCHAAT'),
(370, 810, 'Bray'),
(371, 227, 'BRECHT'),
(372, 950, 'BREDENE'),
(373, 364, 'BREE'),
(374, 218, 'Breendonk'),
(375, 370, 'Bressoux'),
(376, 1014, 'Brielen'),
(377, 189, 'Broechem'),
(378, 351, 'Broekom'),
(379, 121, 'Brucargo'),
(380, 920, 'BRUGELETTE'),
(381, 930, 'BRUGGE'),
(382, 616, 'Brûly'),
(383, 616, 'Brûly-De-Pesche'),
(384, 868, 'BRUNEHAUT'),
(385, 106, 'Brussegem'),
(386, 345, 'Brustem'),
(387, 1, 'BRUXELLES'),
(388, 12, 'Bruxelles X'),
(389, 874, 'Bruyelle'),
(390, 649, 'Brye'),
(391, 288, 'Budingen'),
(392, 1065, 'BUGGENHOUT'),
(393, 918, 'Buissenal'),
(394, 604, 'Buissonville'),
(395, 68, 'Buizingen'),
(396, 120, 'Buken'),
(397, 486, 'BULLANGE'),
(398, 980, 'Bulskamp'),
(399, 280, 'Bunsbeek'),
(400, 136, 'Burcht'),
(401, 399, 'BURDINNE'),
(402, 765, 'Bure'),
(403, 494, 'BURG-REULAND'),
(404, 1081, 'Burst'),
(405, 861, 'Bury'),
(406, 485, 'BUTGENBACH'),
(407, 355, 'Buvingen'),
(408, 812, 'Buvrinnes'),
(409, 719, 'Buzenol'),
(410, 652, 'Buzet'),
(411, 863, 'Callenelle'),
(412, 875, 'Calonne'),
(413, 920, 'Cambron-Casteau'),
(414, 909, 'Cambron-Saint-Vincent'),
(415, 108, 'Cargovil'),
(416, 750, 'Carlsbourg'),
(417, 815, 'Carnières'),
(418, 801, 'Casteau'),
(419, 614, 'Castillon'),
(420, 885, 'CELLES'),
(421, 414, 'Celles'),
(422, 593, 'Celles'),
(423, 460, 'Cérexhe-Heuseux'),
(424, 609, 'CERFONTAINE'),
(425, 33, 'Céroux-Mousty'),
(426, 462, 'Chaineux'),
(427, 590, 'Chairière'),
(428, 1, 'Chambre des Représentants'),
(429, 532, 'Champion'),
(430, 775, 'Champlon'),
(431, 762, 'Chanly'),
(432, 718, 'Chantemelle'),
(433, 914, 'Chapelle-À-Oie'),
(434, 914, 'Chapelle-À-Wattines'),
(435, 816, 'CHAPELLE-LEZ-HERLAIMONT'),
(436, 439, 'Chapon-Seraing'),
(437, 619, 'CHARLEROI'),
(438, 632, 'Charleroi X'),
(439, 466, 'Charneux'),
(440, 741, 'Chassepierre'),
(441, 54, 'CHASTRE'),
(442, 54, 'Chastre-Villeroux-Blanmont'),
(443, 614, 'Chastrès'),
(444, 644, 'CHÂTELET'),
(445, 644, 'Châtelineau'),
(446, 720, 'Châtillon'),
(447, 377, 'CHAUDFONTAINE'),
(448, 28, 'CHAUMONT-GISTOUX'),
(449, 803, 'Chaussée-Notre-Dame-Louvignies'),
(450, 373, 'Chênée'),
(451, 697, 'Cherain'),
(452, 449, 'Cheratte'),
(453, 846, 'Chercq'),
(454, 605, 'Chevetogne'),
(455, 525, 'Chevron'),
(456, 924, 'CHIÈVRES'),
(457, 659, 'CHIMAY'),
(458, 734, 'CHINY'),
(459, 423, 'Chokier'),
(460, 592, 'Ciergnon'),
(461, 605, 'CINEY'),
(462, 408, 'Ciplet'),
(463, 791, 'Ciply'),
(464, 64, 'Clabecq'),
(465, 443, 'CLAVIER'),
(466, 516, 'Clermont'),
(467, 614, 'Clermont'),
(468, 435, 'Clermont-Sous-Huy'),
(469, 534, 'Cognelée'),
(470, 832, 'COLFONTAINE'),
(471, 394, 'COMBLAIN-AU-PONT'),
(472, 396, 'Comblain-Fairon'),
(473, 396, 'Comblain-La-Tour'),
(474, 886, 'Comines'),
(475, 886, 'COMINES-WARNETON'),
(476, 605, 'Conneux'),
(477, 52, 'Corbais'),
(478, 748, 'Corbion'),
(479, 917, 'Cordes'),
(480, 607, 'Corenne'),
(481, 511, 'Cornesse'),
(482, 591, 'Cornimont'),
(483, 123, 'Corporate Village'),
(484, 538, 'Corroy-Le-Château'),
(485, 28, 'Corroy-Le-Grand'),
(486, 407, 'Corswarem'),
(487, 54, 'Cortil-Noirmont'),
(488, 572, 'Cortil-Wodon'),
(489, 621, 'Couillet'),
(490, 635, 'Cour-Sur-Heure'),
(491, 640, 'COURCELLES'),
(492, 555, 'Courrière'),
(493, 65, 'COURT-SAINT-ETIENNE'),
(494, 401, 'Couthuin'),
(495, 549, 'Coutisse'),
(496, 41, 'Couture-Saint-Germain'),
(497, 616, 'COUVIN'),
(498, 411, 'Cras-Avernas'),
(499, 411, 'Crehen'),
(500, 422, 'CRISNÉE'),
(501, 809, 'Croix-Lez-Rouveroy'),
(502, 493, 'Crombach'),
(503, 552, 'Crupet'),
(504, 632, 'CSM Charleroi X'),
(505, 1045, 'CSM Gent X'),
(506, 795, 'Cuesmes'),
(507, 757, 'Cugnon'),
(508, 616, 'Cul-Des-Sarts'),
(509, 594, 'Custinne'),
(510, 1013, 'Dadizele'),
(511, 616, 'Dailly'),
(512, 1055, 'Daknam'),
(513, 451, 'DALHEM'),
(514, 938, 'DAMME'),
(515, 725, 'Dampicourt'),
(516, 622, 'Dampremy'),
(517, 405, 'Darion'),
(518, 609, 'Daussois'),
(519, 532, 'Daussoulx'),
(520, 543, 'Dave'),
(521, 766, 'DAVERDISSE'),
(522, 943, 'DE HAAN'),
(523, 1056, 'De Klinge'),
(524, 980, 'De Moeren'),
(525, 984, 'DE PANNE'),
(526, 1119, 'DE PINTE'),
(527, 962, 'DEERLIJK'),
(528, 1094, 'Deftinge'),
(529, 1114, 'DEINZE'),
(530, 1068, 'Denderbelle'),
(531, 1082, 'Denderhoutem'),
(532, 1084, 'DENDERLEEUW'),
(533, 1060, 'DENDERMONDE'),
(534, 1075, 'Denderwindeke'),
(535, 584, 'Denée'),
(536, 991, 'DENTERGEM'),
(537, 919, 'Dergneau'),
(538, 185, 'DESSEL'),
(539, 1001, 'Desselgem'),
(540, 1045, 'DESTELBERGEN'),
(541, 1040, 'Desteldonk'),
(542, 1118, 'Deurle'),
(543, 137, 'Deurne'),
(544, 271, 'Deurne'),
(545, 907, 'Deux-Acren'),
(546, 550, 'Dhuy'),
(547, 111, 'Diegem'),
(548, 313, 'DIEPENBEEK'),
(549, 271, 'DIEST'),
(550, 327, 'Diets-Heur'),
(551, 1014, 'Dikkebus'),
(552, 1099, 'Dikkele'),
(553, 1125, 'Dikkelvenne'),
(554, 977, 'DIKSMUIDE'),
(555, 90, 'DILBEEK'),
(556, 320, 'Dilsen'),
(557, 320, 'DILSEN-STOKKEM'),
(558, 573, 'DINANT'),
(559, 597, 'Dion'),
(560, 28, 'Dion-Valmont'),
(561, 499, 'DISON'),
(562, 773, 'Dochamps'),
(563, 1052, 'Doel'),
(564, 747, 'Dohan'),
(565, 618, 'DOISCHE'),
(566, 388, 'Dolembreux'),
(567, 420, 'DONCEEL'),
(568, 40, 'Dongelberg'),
(569, 304, 'Donk'),
(570, 672, 'Donstiennes'),
(571, 583, 'Dorinne'),
(572, 288, 'Dormaal'),
(573, 878, 'Dottignies'),
(574, 834, 'DOUR'),
(575, 617, 'Dourbes'),
(576, 1023, 'Dranouter'),
(577, 573, 'Dréhance'),
(578, 977, 'Driekapellen'),
(579, 277, 'Drieslinter'),
(580, 78, 'DROGENBOS'),
(581, 1036, 'Drongen'),
(582, 941, 'Dudzele'),
(583, 196, 'DUFFEL'),
(584, 248, 'Duisburg'),
(585, 346, 'Duras'),
(586, 767, 'DURBUY'),
(587, 583, 'Durnal'),
(588, 84, 'Dworp'),
(589, 475, 'Eben-Emael'),
(590, 755, 'Ebly'),
(591, 820, 'ECAUSSINNES'),
(592, 820, 'Ecaussinnes-D\'Enghien'),
(593, 821, 'Ecaussinnes-Lalaing'),
(594, 205, 'EDEGEM'),
(595, 1108, 'Edelare'),
(596, 1126, 'EEKLO'),
(597, 953, 'Eernegem'),
(598, 993, 'Egem'),
(599, 980, 'Eggewaartskapelle'),
(600, 550, 'EGHEZÉE'),
(601, 435, 'Ehein'),
(602, 384, 'Ehein'),
(603, 336, 'Eigenbilzen'),
(604, 179, 'Eindhout'),
(605, 1108, 'Eine'),
(606, 317, 'Eisden'),
(607, 1115, 'Eke'),
(608, 143, 'Ekeren'),
(609, 1055, 'Eksaarde'),
(610, 361, 'Eksel'),
(611, 320, 'Elen'),
(612, 1098, 'Elene'),
(613, 128, 'Elewijt'),
(614, 285, 'Eliksem'),
(615, 87, 'Elingen'),
(616, 446, 'Ellemelle'),
(617, 911, 'ELLEZELLES'),
(618, 917, 'Ellignies-Lez-Frasnes'),
(619, 928, 'Ellignies-Sainte-Anne'),
(620, 324, 'Ellikom'),
(621, 834, 'Elouges'),
(622, 1113, 'Elsegem'),
(623, 485, 'Elsenborn'),
(624, 1101, 'Elst'),
(625, 1017, 'Elverdinge'),
(626, 1053, 'Elversele'),
(627, 189, 'Emblem'),
(628, 380, 'Embourg'),
(629, 1011, 'Emelgem'),
(630, 541, 'Emines'),
(631, 565, 'Emptinne'),
(632, 1108, 'Ename'),
(633, 345, 'Engelmanshoven'),
(634, 902, 'ENGHIEN'),
(635, 435, 'ENGIS'),
(636, 36, 'Enines'),
(637, 496, 'Ensival'),
(638, 813, 'Epinois'),
(639, 126, 'Eppegem'),
(640, 604, 'Eprave'),
(641, 799, 'Erbaut'),
(642, 799, 'Erbisoeul'),
(643, 839, 'Ere'),
(644, 1073, 'Erembodegem'),
(645, 784, 'EREZÉE'),
(646, 612, 'Ermeton-Sur-Biert'),
(647, 536, 'Ernage'),
(648, 776, 'Erneuville'),
(649, 519, 'Ernonheid'),
(650, 1081, 'Erondegem'),
(651, 1081, 'Erpe'),
(652, 1081, 'ERPE-MERE'),
(653, 544, 'Erpent'),
(654, 658, 'Erpion'),
(655, 246, 'Erps-Kwerps'),
(656, 676, 'ERQUELINNES'),
(657, 837, 'Erquennes'),
(658, 1133, 'Ertvelde'),
(659, 1098, 'Erwetegem'),
(660, 885, 'Escanaffles'),
(661, 977, 'Esen'),
(662, 387, 'ESNEUX'),
(663, 976, 'Espierres'),
(664, 976, 'ESPIERRES-HELCHIN'),
(665, 841, 'Esplechin'),
(666, 883, 'Esquelmes'),
(667, 222, 'ESSEN'),
(668, 107, 'Essene'),
(669, 880, 'Estaimbourg'),
(670, 880, 'ESTAIMPUIS'),
(671, 809, 'ESTINNES'),
(672, 809, 'Estinnes-Au-Mont'),
(673, 809, 'Estinnes-Au-Val'),
(674, 716, 'ETALLE'),
(675, 722, 'Ethe'),
(676, 1104, 'Etikhove'),
(677, 951, 'Ettelgem'),
(678, 4, 'ETTERBEEK'),
(679, 805, 'Eugies'),
(680, 476, 'EUPEN'),
(681, 4, 'European External Action Service'),
(682, 459, 'Evegnée'),
(683, 557, 'Evelette'),
(684, 1101, 'Everbeek'),
(685, 247, 'Everberg'),
(686, 15, 'EVERE'),
(687, 1133, 'EVERGEM'),
(688, 880, 'Evregnies'),
(689, 583, 'Evrehailles'),
(690, 484, 'Eynatten'),
(691, 285, 'Ezemaal'),
(692, 606, 'Fagnolle'),
(693, 414, 'FAIMES'),
(694, 580, 'Falaën'),
(695, 539, 'Falisolle'),
(696, 408, 'Fallais'),
(697, 573, 'Falmagne'),
(698, 573, 'Falmignoul'),
(699, 819, 'Familleureux'),
(700, 654, 'FARCIENNES'),
(701, 556, 'Faulx-Les-Tombes'),
(702, 809, 'Fauroeulx'),
(703, 686, 'FAUVILLERS'),
(704, 520, 'Faymonville'),
(705, 754, 'Fays-Les-Veneurs'),
(706, 837, 'Fayt-Le-Franc'),
(707, 817, 'Fayt-Lez-Manage'),
(708, 597, 'Felenne'),
(709, 819, 'Feluy'),
(710, 451, 'Feneur'),
(711, 572, 'FERNELMONT'),
(712, 398, 'FERRIÈRES'),
(713, 597, 'Feschaux'),
(714, 417, 'FEXHE-LE-HAUT-CLOCHER'),
(715, 432, 'Fexhe-Slins'),
(716, 397, 'Filot'),
(717, 592, 'Finnevaux'),
(718, 438, 'Fize-Fontaine'),
(719, 422, 'Fize-Le-Marsal'),
(720, 701, 'Flamierge'),
(721, 607, 'Flavion'),
(722, 532, 'Flawinne'),
(723, 423, 'FLÉMALLE'),
(724, 423, 'Flémalle-Grande'),
(725, 423, 'Flémalle-Haute'),
(726, 787, 'Flénu'),
(727, 454, 'FLÉRON'),
(728, 647, 'FLEURUS'),
(729, 910, 'FLOBECQ'),
(730, 440, 'Flône'),
(731, 554, 'Florée'),
(732, 546, 'FLOREFFE'),
(733, 607, 'FLORENNES'),
(734, 738, 'FLORENVILLE'),
(735, 546, 'Floriffoux'),
(736, 567, 'Flostoy'),
(737, 599, 'Focant'),
(738, 36, 'Folx-Les-Caves'),
(739, 636, 'FONTAINE-L\'EVÊQUE'),
(740, 677, 'Fontaine-Valmont'),
(741, 614, 'Fontenelle'),
(742, 738, 'Fontenoille'),
(743, 876, 'Fontenoy'),
(744, 415, 'Fooz'),
(745, 637, 'Forchies-La-Marche'),
(746, 20, 'FOREST'),
(747, 917, 'Forest'),
(748, 513, 'Forêt'),
(749, 683, 'Forge-Philippe'),
(750, 663, 'Forges'),
(751, 772, 'Forrières'),
(752, 572, 'Forville'),
(753, 523, 'Fosse'),
(754, 540, 'FOSSES-LA-VILLE'),
(755, 901, 'Fouleng'),
(756, 657, 'Fourbechies'),
(757, 344, 'Fouron-Le-Comte'),
(758, 340, 'Fouron-Saint-Martin'),
(759, 342, 'Fouron-Saint-Pierre'),
(760, 340, 'FOURONS'),
(761, 577, 'Foy-Notre-Dame'),
(762, 513, 'Fraipont'),
(763, 614, 'Fraire'),
(764, 442, 'Fraiture'),
(765, 805, 'FRAMERIES'),
(766, 753, 'Framont'),
(767, 572, 'Franc-Waret'),
(768, 606, 'Franchimont'),
(769, 522, 'Francorchamps'),
(770, 546, 'Franière'),
(771, 616, 'Frasnes'),
(772, 917, 'FRASNES-LEZ-ANVAING'),
(773, 918, 'Frasnes-Lez-Buissenal'),
(774, 645, 'Frasnes-Lez-Gosselies'),
(775, 417, 'Freloux'),
(776, 733, 'Freux'),
(777, 657, 'FROIDCHAPELLE'),
(778, 603, 'Froidfontaine'),
(779, 843, 'Froidmont'),
(780, 783, 'Fronville'),
(781, 842, 'Froyennes'),
(782, 408, 'Fumal'),
(783, 573, 'Furfooz'),
(784, 611, 'Furnaux'),
(785, 100, 'Gaasbeek'),
(786, 923, 'Gages'),
(787, 916, 'Gallaix'),
(788, 74, 'GALMAARDEN'),
(789, 11, 'GANSHOREN'),
(790, 848, 'Gaurain-Ramecroix'),
(791, 1125, 'GAVERE'),
(792, 602, 'GEDINNE'),
(793, 181, 'GEEL'),
(794, 403, 'GEER'),
(795, 39, 'Geest-Gérompont-Petit-Rosière'),
(796, 289, 'GEETBETS'),
(797, 535, 'Gelbressée'),
(798, 345, 'Gelinden'),
(799, 315, 'Gellik'),
(800, 260, 'Gelrode'),
(801, 1033, 'Geluveld'),
(802, 1021, 'Geluwe'),
(803, 766, 'Gembes'),
(804, 536, 'GEMBLOUX'),
(805, 509, 'Gemmenich'),
(806, 58, 'GENAPPE'),
(807, 314, 'GENK'),
(808, 797, 'Genly'),
(809, 339, 'Genoelselderen'),
(810, 1034, 'GENT'),
(811, 1047, 'Gent X'),
(812, 1041, 'Gentbrugge'),
(813, 54, 'Gentinnes'),
(814, 31, 'Genval'),
(815, 1087, 'GERAARDSBERGEN'),
(816, 364, 'Gerdingen'),
(817, 582, 'Gérin'),
(818, 39, 'Gérompont'),
(819, 726, 'Gérouville'),
(820, 656, 'GERPINNES'),
(821, 198, 'Gestel'),
(822, 556, 'GESVES'),
(823, 899, 'Ghislenghien'),
(824, 786, 'Ghlin'),
(825, 906, 'Ghoy'),
(826, 900, 'Gibecq'),
(827, 157, 'Gierle'),
(828, 988, 'Gijverinkhove'),
(829, 1071, 'Gijzegem'),
(830, 969, 'Gijzelbrechtegem'),
(831, 1121, 'Gijzenzele'),
(832, 631, 'Gilly'),
(833, 618, 'Gimnée'),
(834, 354, 'GINGELOM'),
(835, 952, 'GISTEL'),
(836, 1006, 'Gits'),
(837, 798, 'Givry'),
(838, 61, 'Glabais'),
(839, 280, 'GLABBEEK'),
(840, 369, 'Glain'),
(841, 423, 'Gleixhe'),
(842, 26, 'Glimes'),
(843, 475, 'Glons'),
(844, 618, 'Gochenée'),
(845, 816, 'Godarville'),
(846, 583, 'Godinne'),
(847, 1098, 'Godveerdegem'),
(848, 503, 'Goé'),
(849, 1087, 'Goeferdinge'),
(850, 797, 'Goegnies-Chaussée'),
(851, 560, 'Goesnes'),
(852, 274, 'Goetsenhoven'),
(853, 388, 'Gomzé-Andoumont'),
(854, 901, 'Gondregnies'),
(855, 616, 'Gonrieux'),
(856, 1047, 'Gontrode'),
(857, 101, 'GOOIK'),
(858, 351, 'Gors-Opleeuw'),
(859, 346, 'Gorsem'),
(860, 627, 'Gosselies'),
(861, 351, 'Gotem'),
(862, 1114, 'Gottem'),
(863, 804, 'Gottignies'),
(864, 656, 'Gougnies'),
(865, 615, 'Gourdinne'),
(866, 623, 'Goutroux'),
(867, 694, 'GOUVY'),
(868, 641, 'Gouy-Lez-Piéton'),
(869, 671, 'Gozée'),
(870, 433, 'Grâce-Berleur'),
(871, 433, 'GRÂCE-HOLLOGNE'),
(872, 591, 'Graide'),
(873, 1114, 'Grammene'),
(874, 413, 'Grand-Axhe'),
(875, 411, 'Grand-Hallet'),
(876, 706, 'Grand-Halleux'),
(877, 537, 'Grand-Leez'),
(878, 536, 'Grand-Manil'),
(879, 462, 'Grand-Rechain'),
(880, 676, 'Grand-Reng'),
(881, 39, 'Grand-Rosière-Hottomont'),
(882, 929, 'Grandglise'),
(883, 767, 'Grandhan'),
(884, 773, 'Grandménil'),
(885, 912, 'Grandmetz'),
(886, 664, 'Grandrieu'),
(887, 421, 'Grandville'),
(888, 749, 'Grandvoir'),
(889, 749, 'Grapfontaine'),
(890, 901, 'Graty'),
(891, 610, 'Graux'),
(892, 289, 'Grazen'),
(893, 1060, 'Grembergen'),
(894, 42, 'GREZ-DOICEAU'),
(895, 113, 'GRIMBERGEN'),
(896, 1088, 'Grimminge'),
(897, 371, 'Grivegnée'),
(898, 158, 'GROBBENDONK'),
(899, 92, 'Groot-Bijgaarden'),
(900, 345, 'Groot-Gelmen'),
(901, 351, 'Groot-Loon'),
(902, 591, 'Gros-Fays'),
(903, 924, 'Grosage'),
(904, 368, 'Grote-Brogel'),
(905, 336, 'Grote-Spouwen'),
(906, 1098, 'Grotenberge'),
(907, 324, 'Gruitrode'),
(908, 771, 'Grune'),
(909, 765, 'Grupont'),
(910, 868, 'Guignies'),
(911, 332, 'Guigoven'),
(912, 708, 'Guirsch'),
(913, 968, 'Gullegem'),
(914, 353, 'Gutshoven'),
(915, 257, 'HAACHT'),
(916, 1082, 'HAALTERT'),
(917, 1051, 'Haasdonk'),
(918, 241, 'Haasrode'),
(919, 711, 'HABAY'),
(920, 711, 'Habay-La-Neuve'),
(921, 713, 'Habay-La-Vieille'),
(922, 729, 'Habergy'),
(923, 474, 'Haccourt'),
(924, 711, 'Hachy'),
(925, 918, 'Hacquegnies'),
(926, 558, 'Haillot'),
(927, 807, 'Haine-Saint-Paul'),
(928, 807, 'Haine-Saint-Pierre'),
(929, 833, 'Hainin'),
(930, 274, 'Hakendover'),
(931, 732, 'Halanzy'),
(932, 305, 'HALEN'),
(933, 145, 'Hallaar'),
(934, 67, 'HALLE'),
(935, 229, 'Halle'),
(936, 288, 'Halle-Booienhoven'),
(937, 781, 'Halleux'),
(938, 763, 'Halma'),
(939, 345, 'Halmaal'),
(940, 556, 'Haltinne'),
(941, 362, 'HAM'),
(942, 635, 'HAM-SUR-HEURE'),
(943, 548, 'Ham-Sur-Sambre'),
(944, 749, 'Hamipré'),
(945, 1061, 'HAMME'),
(946, 106, 'Hamme'),
(947, 27, 'Hamme-Mille'),
(948, 396, 'HAMOIR'),
(949, 562, 'HAMOIS'),
(950, 359, 'Hamont'),
(951, 359, 'HAMONT-ACHEL'),
(952, 783, 'Hampteau'),
(953, 604, 'Han-Sur-Lesse'),
(954, 978, 'Handzame'),
(955, 420, 'Haneffe'),
(956, 399, 'Hannêche'),
(957, 411, 'HANNUT'),
(958, 550, 'Hanret'),
(959, 1120, 'Hansbeke'),
(960, 676, 'Hantes-Wihéries'),
(961, 608, 'Hanzinelle'),
(962, 608, 'Hanzinne'),
(963, 825, 'Harchies'),
(964, 960, 'HARELBEKE'),
(965, 351, 'Haren'),
(966, 14, 'Haren'),
(967, 327, 'Haren'),
(968, 760, 'Hargimont'),
(969, 790, 'Harmignies'),
(970, 725, 'Harnoncourt'),
(971, 773, 'Harre'),
(972, 769, 'Harsin'),
(973, 790, 'Harveng'),
(974, 519, 'Harzé'),
(975, 297, 'HASSELT'),
(976, 585, 'HASTIÈRE'),
(977, 585, 'Hastière-Lavaux'),
(978, 586, 'Hastière-Par-Delà'),
(979, 756, 'Hatrival'),
(980, 809, 'Haulchin'),
(981, 483, 'Hauset'),
(982, 766, 'Haut-Fays'),
(983, 57, 'Haut-Ittre'),
(984, 584, 'Haut-Le-Wastia'),
(985, 831, 'Hautrage'),
(986, 798, 'Havay'),
(987, 567, 'HAVELANGE'),
(988, 605, 'Haversin'),
(989, 849, 'Havinnes'),
(990, 789, 'Havré'),
(991, 360, 'Hechtel'),
(992, 360, 'HECHTEL-EKSEL'),
(993, 588, 'Heer'),
(994, 353, 'HEERS'),
(995, 336, 'Hees'),
(996, 964, 'Heestert'),
(997, 208, 'Heffen'),
(998, 86, 'Heikruis'),
(999, 212, 'Heindonk'),
(1000, 707, 'Heinsch'),
(1001, 936, 'Heist-Aan-Zee'),
(1002, 145, 'HEIST-OP-DEN-BERG'),
(1003, 107, 'Hekelgem'),
(1004, 353, 'Heks'),
(1005, 976, 'Helchin'),
(1006, 303, 'Helchteren'),
(1007, 1082, 'Heldergem'),
(1008, 37, 'HÉLÉCINE'),
(1009, 288, 'Helen-Bos'),
(1010, 901, 'Hellebecq'),
(1011, 1095, 'Hemelveerdegem'),
(1012, 201, 'HEMIKSEM'),
(1013, 572, 'Hemptinne'),
(1014, 607, 'Hemptinne-Lez-Florennes'),
(1015, 351, 'Hendrieken'),
(1016, 327, 'Henis'),
(1017, 806, 'Hennuyères'),
(1018, 506, 'Henri-Chapelle'),
(1019, 806, 'Henripont'),
(1020, 833, 'HENSIES'),
(1021, 366, 'Heppen'),
(1022, 489, 'Heppenbach'),
(1023, 647, 'Heppignies'),
(1024, 758, 'HERBEUMONT'),
(1025, 799, 'Herchies'),
(1026, 339, 'Herderen'),
(1027, 1072, 'Herdersem'),
(1028, 236, 'HERENT'),
(1029, 144, 'HERENTALS'),
(1030, 156, 'HERENTHOUT'),
(1031, 70, 'Herfelingen'),
(1032, 482, 'Hergenrath'),
(1033, 882, 'Hérinnes-Lez-Pecq'),
(1034, 304, 'HERK-DE-STAD'),
(1035, 471, 'Hermalle-Sous-Argenteau'),
(1036, 435, 'Hermalle-Sous-Huy'),
(1037, 470, 'Hermée'),
(1038, 585, 'Hermeton-Sur-Meuse'),
(1039, 70, 'HERNE'),
(1040, 400, 'HÉRON'),
(1041, 918, 'Herquegies'),
(1042, 879, 'Herseaux'),
(1043, 149, 'HERSELT'),
(1044, 374, 'HERSTAL'),
(1045, 328, 'HERSTAPPE'),
(1046, 847, 'Hertain'),
(1047, 349, 'Herten'),
(1048, 931, 'Hertsberge'),
(1049, 462, 'HERVE'),
(1050, 1091, 'HERZELE'),
(1051, 956, 'Heule'),
(1052, 571, 'Heure'),
(1053, 472, 'Heure-Le-Romain'),
(1054, 1108, 'Heurne'),
(1055, 1045, 'Heusden'),
(1056, 306, 'Heusden'),
(1057, 306, 'HEUSDEN-ZOLDER'),
(1058, 498, 'Heusy'),
(1059, 1022, 'HEUVELLAND'),
(1060, 259, 'Hever'),
(1061, 232, 'Heverlee'),
(1062, 52, 'Hévillers'),
(1063, 768, 'Heyd'),
(1064, 95, 'HighCo DATA'),
(1065, 1091, 'Hillegem'),
(1066, 219, 'Hingene'),
(1067, 572, 'Hingeon'),
(1068, 780, 'Hives'),
(1069, 206, 'Hoboken'),
(1070, 419, 'Hodeige'),
(1071, 782, 'Hodister'),
(1072, 392, 'Hody'),
(1073, 275, 'HOEGAARDEN'),
(1074, 73, 'HOEILAART'),
(1075, 938, 'Hoeke'),
(1076, 338, 'Hoelbeek'),
(1077, 294, 'Hoeleden'),
(1078, 351, 'Hoepertingen'),
(1079, 334, 'HOESELT'),
(1080, 225, 'Hoevenen'),
(1081, 1071, 'Hofstade'),
(1082, 127, 'Hofstade'),
(1083, 571, 'Hogne'),
(1084, 416, 'Hognoul'),
(1085, 868, 'Hollain'),
(1086, 686, 'Hollange'),
(1087, 1015, 'Hollebeke'),
(1088, 433, 'Hollogne-Aux-Pierres'),
(1089, 403, 'Hollogne-Sur-Geer'),
(1090, 266, 'HOLSBEEK'),
(1091, 209, 'Hombeek'),
(1092, 510, 'Hombourg'),
(1093, 687, 'Hompré'),
(1094, 727, 'Hondelange'),
(1095, 597, 'Honnay'),
(1096, 837, 'HONNELLES'),
(1097, 1006, 'HOOGLEDE'),
(1098, 987, 'Hoogstade'),
(1099, 163, 'HOOGSTRATEN'),
(1100, 1103, 'HOREBEKE'),
(1101, 433, 'Horion-Hozémont'),
(1102, 823, 'Hornu'),
(1103, 353, 'Horpmaal'),
(1104, 800, 'Horrues'),
(1105, 783, 'HOTTON'),
(1106, 714, 'Houdemont'),
(1107, 808, 'Houdeng-Aimeries'),
(1108, 808, 'Houdeng-Goegnies'),
(1109, 602, 'Houdremont'),
(1110, 689, 'HOUFFALIZE'),
(1111, 595, 'Hour'),
(1112, 468, 'Housse'),
(1113, 63, 'Houtain-Le-Val'),
(1114, 472, 'Houtain-Saint-Siméon'),
(1115, 898, 'Houtaing'),
(1116, 940, 'Houtave'),
(1117, 980, 'Houtem'),
(1118, 303, 'Houthalen'),
(1119, 303, 'HOUTHALEN-HELCHTEREN'),
(1120, 887, 'Houthem'),
(1121, 983, 'HOUTHULST'),
(1122, 150, 'Houtvenne'),
(1123, 283, 'Houwaart'),
(1124, 583, 'Houx'),
(1125, 592, 'HOUYET'),
(1126, 192, 'HOVE'),
(1127, 901, 'Hoves'),
(1128, 872, 'Howardries'),
(1129, 437, 'Huccorgne'),
(1130, 1109, 'Huise'),
(1131, 924, 'Huissignies'),
(1132, 85, 'Huizingen'),
(1133, 237, 'HULDENBERG'),
(1134, 150, 'HULSHOUT'),
(1135, 592, 'Hulsonniaux'),
(1136, 961, 'Hulste'),
(1137, 760, 'Humain'),
(1138, 114, 'Humbeek'),
(1139, 1099, 'Hundelgem'),
(1140, 39, 'Huppaye'),
(1141, 436, 'HUY'),
(1142, 790, 'Hyon'),
(1143, 953, 'ICHTEGEM'),
(1144, 1085, 'Iddergem'),
(1145, 1088, 'Idegem'),
(1146, 1014, 'IEPER'),
(1147, 1074, 'Impe'),
(1148, 26, 'INCOURT'),
(1149, 997, 'INGELMUNSTER'),
(1150, 969, 'Ingooigem'),
(1151, 4, 'International Press Center'),
(1152, 892, 'Irchonwelz'),
(1153, 899, 'Isières'),
(1154, 538, 'Isnes'),
(1155, 147, 'Itegem'),
(1156, 91, 'Itterbeek'),
(1157, 56, 'ITTRE'),
(1158, 423, 'Ivoz-Ramet'),
(1159, 5, 'IXELLES'),
(1160, 1011, 'IZEGEM'),
(1161, 734, 'Izel'),
(1162, 988, 'Izenberge'),
(1163, 768, 'Izier'),
(1164, 954, 'JABBEKE'),
(1165, 507, 'JALHAY'),
(1166, 561, 'Jallet'),
(1167, 606, 'Jamagne'),
(1168, 543, 'Jambes'),
(1169, 606, 'Jamiolle'),
(1170, 635, 'Jamioulx'),
(1171, 734, 'Jamoigne'),
(1172, 36, 'Jandrain-Jandrenouille'),
(1173, 36, 'Jauche'),
(1174, 40, 'Jauchelette'),
(1175, 597, 'Javingue'),
(1176, 440, 'Jehay'),
(1177, 757, 'Jehonville'),
(1178, 787, 'Jemappes'),
(1179, 604, 'Jemelle'),
(1180, 604, 'Jemelle'),
(1181, 382, 'Jemeppe-Sur-Meuse'),
(1182, 548, 'JEMEPPE-SUR-SAMBRE'),
(1183, 420, 'Jeneffe'),
(1184, 567, 'Jeneffe'),
(1185, 351, 'Jesseren'),
(1186, 12, 'JETTE'),
(1187, 354, 'Jeuk'),
(1188, 40, 'JODOIGNE'),
(1189, 40, 'Jodoigne-Souveraine'),
(1190, 868, 'Jollain-Merlin'),
(1191, 656, 'Joncret'),
(1192, 462, 'Julémont'),
(1193, 626, 'Jumet'),
(1194, 370, 'Jupille-Sur-Meuse'),
(1195, 428, 'JUPRELLE'),
(1196, 799, 'JURBISE'),
(1197, 688, 'Juseret'),
(1198, 977, 'Kaaskerke'),
(1199, 1011, 'Kachtem'),
(1200, 272, 'Kaggevinne'),
(1201, 855, 'Kain'),
(1202, 1067, 'Kalken'),
(1203, 1052, 'Kallo'),
(1204, 1051, 'Kallo'),
(1205, 223, 'KALMTHOUT'),
(1206, 120, 'KAMPENHOUT'),
(1207, 989, 'Kanegem'),
(1208, 339, 'Kanne'),
(1209, 119, 'KAPELLE-OP-DEN-BOS'),
(1210, 281, 'Kapellen'),
(1211, 226, 'KAPELLEN'),
(1212, 1138, 'KAPRIJKE'),
(1213, 970, 'Kaster'),
(1214, 183, 'KASTERLEE'),
(1215, 363, 'Kaulille'),
(1216, 256, 'KEERBERGEN'),
(1217, 977, 'Keiem'),
(1218, 422, 'Kemexhe'),
(1219, 1027, 'Kemmel'),
(1220, 1059, 'Kemzeke'),
(1221, 973, 'Kerkhove'),
(1222, 279, 'Kerkom'),
(1223, 345, 'Kerkom-Bij-Sint-Truiden'),
(1224, 1083, 'Kerksken'),
(1225, 299, 'Kermt'),
(1226, 351, 'Kerniel'),
(1227, 295, 'Kersbeek-Miskom'),
(1228, 195, 'Kessel'),
(1229, 233, 'Kessel Lo'),
(1230, 319, 'Kessenich'),
(1231, 101, 'Kester'),
(1232, 477, 'Kettenis'),
(1233, 539, 'Keumiée'),
(1234, 1052, 'Kieldrecht'),
(1235, 319, 'KINROOI'),
(1236, 353, 'Klein-Gelmen'),
(1237, 368, 'Kleine-Brogel'),
(1238, 336, 'Kleine-Spouwen'),
(1239, 943, 'Klemskerke'),
(1240, 983, 'Klerken'),
(1241, 1107, 'KLUISBERGEN'),
(1242, 1133, 'Kluizen'),
(1243, 1127, 'Knesselare'),
(1244, 935, 'Knokke'),
(1245, 935, 'KNOKKE-HEIST'),
(1246, 94, 'Kobbegem'),
(1247, 986, 'KOEKELARE'),
(1248, 9, 'KOEKELBERG'),
(1249, 311, 'Koersel'),
(1250, 985, 'KOKSIJDE'),
(1251, 351, 'Kolmont'),
(1252, 327, 'Kolmont'),
(1253, 188, 'Koningshooikt'),
(1254, 327, 'Koninksem'),
(1255, 194, 'KONTICH'),
(1256, 957, 'Kooigem'),
(1257, 930, 'Koolkerke'),
(1258, 1009, 'Koolskamp'),
(1259, 243, 'Korbeek-Dijle'),
(1260, 278, 'Korbeek-Lo'),
(1261, 978, 'KORTEMARK'),
(1262, 293, 'KORTENAKEN'),
(1263, 245, 'KORTENBERG'),
(1264, 329, 'KORTESSEM'),
(1265, 354, 'Kortijs'),
(1266, 955, 'KORTRIJK'),
(1267, 266, 'Kortrijk-Dutsel'),
(1268, 352, 'Kozen'),
(1269, 124, 'KRAAINEM'),
(1270, 1031, 'Krombeke'),
(1271, 1054, 'KRUIBEKE'),
(1272, 1110, 'KRUISEM'),
(1273, 1110, 'Kruishoutem'),
(1274, 274, 'Kumtich'),
(1275, 300, 'Kuringen'),
(1276, 351, 'Kuttekoven'),
(1277, 959, 'KUURNE'),
(1278, 362, 'Kwaadmechelen'),
(1279, 1107, 'Kwaremont'),
(1280, 27, 'L\'Ecluse'),
(1281, 663, 'L\'Escaillère'),
(1282, 805, 'La Bouverie'),
(1283, 541, 'LA BRUYÈRE'),
(1284, 480, 'LA CALAMINE'),
(1285, 866, 'La Glanerie'),
(1286, 525, 'La Gleize'),
(1287, 817, 'La Hestre'),
(1288, 25, 'LA HULPE'),
(1289, 807, 'LA LOUVIÈRE'),
(1290, 518, 'La Reid'),
(1291, 777, 'LA ROCHE-EN-ARDENNE'),
(1292, 179, 'LAAKDAL'),
(1293, 285, 'Laar'),
(1294, 1067, 'LAARNE'),
(1295, 677, 'Labuissière'),
(1296, 739, 'Lacuisine'),
(1297, 924, 'Ladeuze'),
(1298, 2, 'Laeken'),
(1299, 590, 'Laforêt'),
(1300, 911, 'Lahamaide'),
(1301, 847, 'Lamain'),
(1302, 496, 'Lambermont'),
(1303, 647, 'Lambusart'),
(1304, 418, 'Lamine'),
(1305, 399, 'Lamontzée'),
(1306, 725, 'Lamorteau'),
(1307, 977, 'Lampernisse'),
(1308, 315, 'LANAKEN'),
(1309, 447, 'Lanaye'),
(1310, 1120, 'Landegem'),
(1311, 634, 'Landelies'),
(1312, 285, 'LANDEN'),
(1313, 549, 'Landenne'),
(1314, 1121, 'Landskouter'),
(1315, 615, 'Laneffe'),
(1316, 261, 'Langdorp'),
(1317, 1019, 'Langemark'),
(1318, 1019, 'LANGEMARK-POELKAPELLE'),
(1319, 320, 'Lanklaar'),
(1320, 891, 'Lanquesaint'),
(1321, 428, 'Lantin'),
(1322, 413, 'Lantremange'),
(1323, 870, 'Laplaigne'),
(1324, 938, 'Lapscheure'),
(1325, 41, 'LASNE'),
(1326, 41, 'Lasne-Chapelle-Saint-Lambert'),
(1327, 40, 'Lathuy'),
(1328, 409, 'Latinne'),
(1329, 723, 'Latour'),
(1330, 327, 'Lauw'),
(1331, 1020, 'Lauwe'),
(1332, 700, 'Lavacherie'),
(1333, 604, 'Lavaux-Sainte-Anne'),
(1334, 400, 'Lavoir'),
(1335, 617, 'Le Mesnil'),
(1336, 804, 'LE ROEULX'),
(1337, 540, 'Le Roux'),
(1338, 1068, 'LEBBEKE'),
(1339, 1074, 'LEDE'),
(1340, 1041, 'Ledeberg'),
(1341, 1012, 'LEDEGEM'),
(1342, 244, 'Leefdaal'),
(1343, 101, 'Leerbeek'),
(1344, 638, 'Leernes'),
(1345, 667, 'Leers-Et-Fosteau'),
(1346, 880, 'Leers-Nord'),
(1347, 209, 'Leest'),
(1348, 1098, 'Leeuwergem'),
(1349, 947, 'Leffinge'),
(1350, 755, 'LÉGLISE'),
(1351, 605, 'Leignon'),
(1352, 988, 'Leisele'),
(1353, 977, 'Leke'),
(1354, 69, 'Lembeek'),
(1355, 1139, 'Lembeke'),
(1356, 1116, 'Lemberge'),
(1357, 1010, 'LENDELEDE'),
(1358, 100, 'LENNIK'),
(1359, 909, 'LENS'),
(1360, 411, 'Lens-Saint-Remy'),
(1361, 403, 'Lens-Saint-Servais'),
(1362, 421, 'Lens-Sur-Geer'),
(1363, 365, 'LEOPOLDSBURG'),
(1364, 443, 'Les Avins'),
(1365, 645, 'LES BONS VILLERS'),
(1366, 735, 'Les Bulles'),
(1367, 742, 'Les Hayons'),
(1368, 414, 'Les Waleffes'),
(1369, 869, 'Lesdain'),
(1370, 903, 'LESSINES'),
(1371, 604, 'Lessive'),
(1372, 772, 'Lesterny'),
(1373, 547, 'Lesve'),
(1374, 1090, 'Letterhoutem'),
(1375, 665, 'Leugnies'),
(1376, 1108, 'Leupegem'),
(1377, 317, 'Leut'),
(1378, 231, 'LEUVEN'),
(1379, 550, 'Leuze'),
(1380, 912, 'LEUZE-EN-HAINAUT'),
(1381, 665, 'Leval-Chaudeville'),
(1382, 813, 'Leval-Trahegnies'),
(1383, 653, 'Liberchies'),
(1384, 759, 'LIBIN'),
(1385, 733, 'LIBRAMONT-CHEVIGNY'),
(1386, 183, 'Lichtaart'),
(1387, 1004, 'LICHTERVELDE'),
(1388, 104, 'LIEDEKERKE'),
(1389, 1075, 'Lieferinge'),
(1390, 369, 'Liège'),
(1391, 370, 'Liège'),
(1392, 380, 'Liège X'),
(1393, 188, 'LIER'),
(1394, 1094, 'LIERDE'),
(1395, 526, 'LIERNEUX'),
(1396, 550, 'Liernu'),
(1397, 376, 'Liers'),
(1398, 1130, 'LIEVEGEM'),
(1399, 218, 'Liezele'),
(1400, 898, 'Ligne'),
(1401, 406, 'Ligney'),
(1402, 545, 'Ligny'),
(1403, 157, 'LILLE'),
(1404, 133, 'Lillo'),
(1405, 50, 'Lillois-Witterzée'),
(1406, 23, 'Limal'),
(1407, 501, 'LIMBOURG'),
(1408, 34, 'Limelette'),
(1409, 694, 'Limerlé'),
(1410, 420, 'Limont'),
(1411, 412, 'LINCENT'),
(1412, 263, 'Linden'),
(1413, 79, 'LINKEBEEK'),
(1414, 307, 'Linkhout'),
(1415, 37, 'Linsmeau'),
(1416, 193, 'LINT'),
(1417, 277, 'LINTER'),
(1418, 220, 'Lippelo'),
(1419, 574, 'Lisogne'),
(1420, 941, 'Lissewege'),
(1421, 544, 'Lives-Sur-Meuse'),
(1422, 447, 'Lixhe'),
(1423, 982, 'Lo'),
(1424, 982, 'LO-RENINGE'),
(1425, 673, 'LOBBES'),
(1426, 1046, 'LOCHRISTI'),
(1427, 628, 'Lodelinsart'),
(1428, 230, 'Loenhout'),
(1429, 1029, 'Loker'),
(1430, 1055, 'LOKEREN'),
(1431, 305, 'Loksbergen'),
(1432, 949, 'Lombardsijde'),
(1433, 909, 'Lombise'),
(1434, 358, 'LOMMEL'),
(1435, 492, 'Lommersweiler'),
(1436, 662, 'Lompret'),
(1437, 764, 'Lomprez'),
(1438, 426, 'Loncin'),
(1439, 112, 'LONDERZEEL'),
(1440, 703, 'Longchamps'),
(1441, 550, 'Longchamps'),
(1442, 749, 'Longlier'),
(1443, 28, 'Longueville'),
(1444, 684, 'Longvilly'),
(1445, 478, 'LONTZEN'),
(1446, 536, 'Lonzée'),
(1447, 237, 'Loonbeek'),
(1448, 933, 'Loppem'),
(1449, 525, 'Lorcé'),
(1450, 82, 'Lot'),
(1451, 1123, 'Lotenhulle'),
(1452, 602, 'Louette-Saint-Denis'),
(1453, 602, 'Louette-Saint-Pierre'),
(1454, 59, 'Loupoigne'),
(1455, 35, 'Louvain-La-Neuve'),
(1456, 519, 'Louveigné'),
(1457, 389, 'Louveigné'),
(1458, 1128, 'Lovendegem'),
(1459, 278, 'Lovenjoel'),
(1460, 656, 'Loverval'),
(1461, 544, 'Loyers'),
(1462, 263, 'LUBBEEK'),
(1463, 877, 'Luingne'),
(1464, 307, 'LUMMEN'),
(1465, 547, 'Lustin'),
(1466, 653, 'Luttre'),
(1467, 1104, 'Maarke-Kerkem'),
(1468, 1104, 'MAARKEDAL'),
(1469, 325, 'MAASEIK'),
(1470, 317, 'MAASMECHELEN'),
(1471, 692, 'Mabompré'),
(1472, 110, 'MACHELEN'),
(1473, 1122, 'Machelen'),
(1474, 679, 'Macon'),
(1475, 681, 'Macquenoise'),
(1476, 569, 'Maffe'),
(1477, 896, 'Maffle'),
(1478, 456, 'Magnée'),
(1479, 551, 'Maillen'),
(1480, 898, 'Mainvault'),
(1481, 788, 'Maisières'),
(1482, 752, 'Maissin'),
(1483, 549, 'Maizeret'),
(1484, 327, 'Mal'),
(1485, 1144, 'MALDEGEM'),
(1486, 112, 'Malderen'),
(1487, 773, 'Malempré'),
(1488, 38, 'Malèves-Sainte-Marie-Wastinnes'),
(1489, 177, 'MALLE'),
(1490, 521, 'MALMEDY'),
(1491, 532, 'Malonne'),
(1492, 602, 'Malvoisin'),
(1493, 817, 'MANAGE'),
(1494, 486, 'Manderfeld'),
(1495, 773, 'MANHAY'),
(1496, 948, 'Mannekensvere'),
(1497, 41, 'Maransart'),
(1498, 66, 'Marbais'),
(1499, 635, 'Marbaix'),
(1500, 760, 'MARCHE-EN-FAMENNE'),
(1501, 535, 'Marche-Les-Dames'),
(1502, 820, 'Marche-Lez-Ecaussinnes'),
(1503, 623, 'Marchienne-Au-Pont'),
(1504, 444, 'MARCHIN'),
(1505, 837, 'Marchipont'),
(1506, 572, 'Marchovelette'),
(1507, 620, 'Marcinelle'),
(1508, 782, 'Marcourt'),
(1509, 902, 'Marcq'),
(1510, 783, 'Marenne'),
(1511, 1035, 'Mariakerke'),
(1512, 219, 'Mariekerke'),
(1513, 616, 'Mariembourg'),
(1514, 36, 'Marilles'),
(1515, 957, 'Marke'),
(1516, 991, 'Markegem'),
(1517, 399, 'Marneffe'),
(1518, 847, 'Marquain'),
(1519, 685, 'MARTELANGE'),
(1520, 337, 'Martenslinde'),
(1521, 600, 'Martouzin-Neuville'),
(1522, 772, 'Masbourg'),
(1523, 799, 'Masnuy-Saint-Jean'),
(1524, 799, 'Masnuy-Saint-Pierre'),
(1525, 1062, 'Massemen'),
(1526, 151, 'Massenhoven'),
(1527, 618, 'Matagne-La-Grande'),
(1528, 618, 'Matagne-La-Petite'),
(1529, 1108, 'Mater'),
(1530, 873, 'Maubray'),
(1531, 852, 'Maulde'),
(1532, 808, 'Maurage'),
(1533, 617, 'Mazée'),
(1534, 99, 'Mazenzele'),
(1535, 538, 'Mazy'),
(1536, 568, 'Méan'),
(1537, 207, 'MECHELEN'),
(1538, 317, 'Mechelen-Aan-De-Maas'),
(1539, 353, 'Mechelen-Bovelingen'),
(1540, 402, 'Meeffe'),
(1541, 284, 'Meensel-Kiezegem'),
(1542, 164, 'Meer'),
(1543, 247, 'Meerbeek'),
(1544, 1077, 'Meerbeke'),
(1545, 1056, 'Meerdonk'),
(1546, 182, 'MEERHOUT'),
(1547, 167, 'Meerle'),
(1548, 317, 'Meeswijk'),
(1549, 940, 'Meetkerke'),
(1550, 324, 'Meeuwen'),
(1551, 550, 'Mehaigne'),
(1552, 1114, 'Meigem'),
(1553, 1099, 'Meilegem'),
(1554, 117, 'MEISE'),
(1555, 726, 'MEIX-DEVANT-VIRTON'),
(1556, 720, 'Meix-Le-Tige'),
(1557, 1108, 'Melden'),
(1558, 1072, 'Meldert'),
(1559, 275, 'Meldert'),
(1560, 307, 'Meldert'),
(1561, 461, 'Melen'),
(1562, 40, 'Mélin'),
(1563, 277, 'Melkwezer'),
(1564, 1047, 'MELLE'),
(1565, 66, 'Mellery'),
(1566, 855, 'Melles'),
(1567, 646, 'Mellet'),
(1568, 755, 'Mellier'),
(1569, 109, 'Melsbroek'),
(1570, 1051, 'Melsele'),
(1571, 1116, 'Melsen'),
(1572, 504, 'Membach'),
(1573, 590, 'Membre'),
(1574, 339, 'Membruggen'),
(1575, 1040, 'Mendonk'),
(1576, 1020, 'MENEN'),
(1577, 677, 'MERBES-LE-CHÂTEAU'),
(1578, 677, 'Merbes-Sainte-Marie'),
(1579, 106, 'MERCHTEM'),
(1580, 411, 'Merdorp'),
(1581, 1081, 'Mere'),
(1582, 1116, 'MERELBEKE'),
(1583, 1120, 'Merendree'),
(1584, 983, 'Merkem'),
(1585, 142, 'Merksem'),
(1586, 168, 'MERKSPLAS'),
(1587, 606, 'Merlemont'),
(1588, 899, 'Meslin-L\'Evêque'),
(1589, 592, 'Mesnil-Eglise'),
(1590, 592, 'Mesnil-Saint-Blaise'),
(1591, 1060, 'Mespelare'),
(1592, 727, 'MESSANCY'),
(1593, 270, 'Messelbroek'),
(1594, 1028, 'MESSINES'),
(1595, 790, 'Mesvin'),
(1596, 353, 'Mettekoven'),
(1597, 610, 'METTET'),
(1598, 996, 'MEULEBEKE'),
(1599, 542, 'Meux'),
(1600, 922, 'Mévergnies-Lez-Lens'),
(1601, 488, 'Meyerode'),
(1602, 1101, 'Michelbeke'),
(1603, 458, 'Micheroux'),
(1604, 1146, 'Middelburg'),
(1605, 945, 'MIDDELKERKE'),
(1606, 570, 'Miécret'),
(1607, 355, 'Mielen-Boven-Aalst'),
(1608, 804, 'Mignault'),
(1609, 339, 'Millen'),
(1610, 375, 'Milmort'),
(1611, 165, 'Minderhout'),
(1612, 3, 'Ministère de la Région de Bruxelles Capitale'),
(1613, 756, 'Mirwart'),
(1614, 445, 'MODAVE'),
(1615, 965, 'Moen'),
(1616, 1087, 'Moerbeke'),
(1617, 1057, 'MOERBEKE-WAAS'),
(1618, 952, 'Moere'),
(1619, 938, 'Moerkerke'),
(1620, 1061, 'Moerzeke'),
(1621, 437, 'Moha'),
(1622, 563, 'Mohiville'),
(1623, 539, 'Moignelée'),
(1624, 733, 'Moircy'),
(1625, 178, 'MOL'),
(1626, 885, 'Molenbaix'),
(1627, 8, 'MOLENBEEK-SAINT-JEAN'),
(1628, 292, 'Molenbeek-Wersbeek'),
(1629, 319, 'Molenbeersel'),
(1630, 273, 'Molenstede'),
(1631, 94, 'Mollem'),
(1632, 418, 'Momalle'),
(1633, 678, 'MOMIGNIES'),
(1634, 591, 'Monceau-En-Ardenne'),
(1635, 680, 'Monceau-Imbrechies'),
(1636, 624, 'Monceau-Sur-Sambre'),
(1637, 785, 'MONS'),
(1638, 423, 'Mons-Lez-Liège'),
(1639, 43, 'Monstreux'),
(1640, 690, 'Mont'),
(1641, 583, 'Mont'),
(1642, 884, 'MONT-DE-L\'ENCLUS'),
(1643, 604, 'Mont-Gauthier'),
(1644, 39, 'Mont-Saint-André'),
(1645, 856, 'Mont-Saint-Aubert'),
(1646, 52, 'MONT-SAINT-GUIBERT'),
(1647, 815, 'Mont-Sainte-Aldegonde'),
(1648, 673, 'Mont-Sainte-Geneviève'),
(1649, 625, 'Mont-Sur-Marchienne'),
(1650, 664, 'Montbliart'),
(1651, 424, 'Montegnée'),
(1652, 354, 'Montenaken'),
(1653, 909, 'Montignies-Lez-Lens'),
(1654, 676, 'Montignies-Saint-Christophe'),
(1655, 837, 'Montignies-Sur-Roc'),
(1656, 632, 'Montignies-Sur-Sambre'),
(1657, 633, 'MONTIGNY-LE-TILLEUL'),
(1658, 698, 'Montleban'),
(1659, 918, 'Montroeul-Au-Bois'),
(1660, 833, 'Montroeul-Sur-Haine'),
(1661, 508, 'Montzen'),
(1662, 1072, 'Moorsel'),
(1663, 968, 'Moorsele'),
(1664, 1013, 'MOORSLEDE'),
(1665, 1121, 'Moortsele'),
(1666, 336, 'Mopertingen'),
(1667, 1113, 'Moregem'),
(1668, 508, 'Moresnet'),
(1669, 687, 'Morhet'),
(1670, 608, 'Morialmé'),
(1671, 144, 'Morkhoven'),
(1672, 814, 'MORLANWELZ'),
(1673, 814, 'Morlanwelz-Mariemont'),
(1674, 784, 'Mormont'),
(1675, 548, 'Mornimont'),
(1676, 467, 'Mortier'),
(1677, 451, 'Mortroux'),
(1678, 204, 'MORTSEL'),
(1679, 607, 'Morville'),
(1680, 340, 'Mouland'),
(1681, 898, 'Moulbaix'),
(1682, 857, 'Mourcourt'),
(1683, 877, 'MOUSCRON'),
(1684, 918, 'Moustier'),
(1685, 548, 'Moustier-Sur-Sambre'),
(1686, 590, 'Mouzaive'),
(1687, 411, 'Moxhe'),
(1688, 556, 'Mozet'),
(1689, 355, 'Muizen'),
(1690, 210, 'Muizen'),
(1691, 1108, 'Mullem'),
(1692, 1099, 'Munkzwalm'),
(1693, 738, 'Muno'),
(1694, 336, 'Munsterbilzen'),
(1695, 1116, 'Munte'),
(1696, 721, 'MUSSON'),
(1697, 721, 'Mussy-La-Ville'),
(1698, 398, 'My'),
(1699, 802, 'Naast'),
(1700, 689, 'Nadrin'),
(1701, 590, 'Nafraiture'),
(1702, 635, 'Nalinnes'),
(1703, 549, 'Namêche'),
(1704, 527, 'NAMUR'),
(1705, 441, 'NANDRIN'),
(1706, 543, 'Naninne'),
(1707, 591, 'Naomé'),
(1708, 769, 'NASSOGNE'),
(1709, 562, 'Natoye'),
(1710, 1115, 'NAZARETH'),
(1711, 880, 'Néchin'),
(1712, 13, 'Neder-Over-Heembeek'),
(1713, 1087, 'Nederboelare'),
(1714, 1101, 'Nederbrakel'),
(1715, 1108, 'Nederename'),
(1716, 1075, 'Nederhasselt'),
(1717, 120, 'Nederokkerzeel'),
(1718, 1100, 'Nederzwalm-Hermelgem'),
(1719, 324, 'Neerglabbeek'),
(1720, 315, 'Neerharen'),
(1721, 277, 'Neerhespen'),
(1722, 37, 'Neerheylissem'),
(1723, 237, 'Neerijse'),
(1724, 287, 'Neerlanden'),
(1725, 277, 'Neerlinter'),
(1726, 325, 'Neeroeteren'),
(1727, 357, 'Neerpelt'),
(1728, 327, 'Neerrepen'),
(1729, 279, 'Neervelp'),
(1730, 285, 'Neerwinden'),
(1731, 1078, 'Neigem'),
(1732, 327, 'Nerem'),
(1733, 513, 'Nessonvaux'),
(1734, 42, 'Nethen'),
(1735, 571, 'Nettinne'),
(1736, 481, 'Neu-Moresnet'),
(1737, 452, 'Neufchâteau'),
(1738, 749, 'NEUFCHÂTEAU'),
(1739, 829, 'Neufmaison'),
(1740, 803, 'Neufvilles'),
(1741, 384, 'NEUPRÉ'),
(1742, 606, 'Neuville'),
(1743, 385, 'Neuville-En-Condroz'),
(1744, 1120, 'Nevele'),
(1745, 214, 'NIEL'),
(1746, 323, 'Niel-Bij-As'),
(1747, 354, 'Niel-Bij-Sint-Truiden'),
(1748, 1088, 'Nieuwenhove'),
(1749, 119, 'Nieuwenrode'),
(1750, 1073, 'Nieuwerkerken'),
(1751, 352, 'NIEUWERKERKEN'),
(1752, 977, 'Nieuwkapelle'),
(1753, 1022, 'Nieuwkerke'),
(1754, 1048, 'Nieuwkerken-Waas'),
(1755, 940, 'Nieuwmunster'),
(1756, 979, 'NIEUWPOORT'),
(1757, 267, 'Nieuwrode'),
(1758, 195, 'NIJLEN'),
(1759, 55, 'Nil-Saint-Vincent-Saint-Martin'),
(1760, 788, 'Nimy'),
(1761, 1075, 'NINOVE'),
(1762, 617, 'Nismes'),
(1763, 43, 'NIVELLES'),
(1764, 618, 'Niverlée'),
(1765, 687, 'Nives'),
(1766, 710, 'Nobressart'),
(1767, 27, 'Nodebais'),
(1768, 36, 'Noduwez'),
(1769, 805, 'Noirchain'),
(1770, 743, 'Noirfontaine'),
(1771, 571, 'Noiseux'),
(1772, 1111, 'Nokere'),
(1773, 751, 'Nollevaux'),
(1774, 144, 'Noorderwijk'),
(1775, 982, 'Noordschote'),
(1776, 121, 'Nossegem'),
(1777, 710, 'Nothomb'),
(1778, 790, 'Nouvelles'),
(1779, 684, 'Noville'),
(1780, 417, 'Noville'),
(1781, 572, 'Noville-Les-Bois'),
(1782, 550, 'Noville-Sur-Mehaigne'),
(1783, 1105, 'Nukerke'),
(1784, 652, 'Obaix'),
(1785, 883, 'Obigies'),
(1786, 796, 'Obourg'),
(1787, 759, 'Ochamps'),
(1788, 443, 'Ocquier'),
(1789, 773, 'Odeigne'),
(1790, 422, 'Odeur'),
(1791, 992, 'Oedelem'),
(1792, 1003, 'Oekene'),
(1793, 189, 'Oelegem'),
(1794, 987, 'Oeren'),
(1795, 991, 'Oeselgem'),
(1796, 101, 'Oetingen'),
(1797, 918, 'Oeudeghien'),
(1798, 155, 'Oevel'),
(1799, 750, 'Offagne'),
(1800, 123, 'Office Exchange Brussels Airport Remailing'),
(1801, 905, 'Ogy'),
(1802, 41, 'Ohain'),
(1803, 557, 'OHEY'),
(1804, 617, 'Oignies-En-Thiérache'),
(1805, 64, 'Oisquercq'),
(1806, 591, 'Oizy'),
(1807, 1075, 'Okegem'),
(1808, 154, 'OLEN'),
(1809, 413, 'Oleye'),
(1810, 908, 'Ollignies'),
(1811, 617, 'Olloy-Sur-Viroin'),
(1812, 187, 'Olmen'),
(1813, 514, 'OLNE'),
(1814, 1122, 'Olsene'),
(1815, 404, 'Omal'),
(1816, 440, 'Ombret'),
(1817, 606, 'Omezée'),
(1818, 760, 'On'),
(1819, 578, 'ONHAYE'),
(1820, 1087, 'Onkerzele'),
(1821, 837, 'Onnezies'),
(1822, 548, 'Onoz'),
(1823, 102, 'Onze-Lieve-Vrouw-Lombeek'),
(1824, 217, 'Onze-Lieve-Vrouw-Waver'),
(1825, 990, 'Ooigem'),
(1826, 1108, 'Ooike'),
(1827, 1113, 'Ooike'),
(1828, 1089, 'Oombergen'),
(1829, 1098, 'Oombergen'),
(1830, 274, 'Oorbeek'),
(1831, 1074, 'Oordegem'),
(1832, 1039, 'Oostakker'),
(1833, 985, 'Oostduinkerke'),
(1834, 1137, 'Oosteeklo'),
(1835, 942, 'OOSTENDE'),
(1836, 1121, 'OOSTERZELE'),
(1837, 362, 'Oostham'),
(1838, 931, 'OOSTKAMP'),
(1839, 938, 'Oostkerke'),
(1840, 977, 'Oostkerke'),
(1841, 177, 'Oostmalle'),
(1842, 1007, 'Oostnieuwkerke'),
(1843, 998, 'OOSTROZEBEKE'),
(1844, 981, 'Oostvleteren'),
(1845, 1131, 'Oostwinkel'),
(1846, 1101, 'Opbrakel'),
(1847, 1065, 'Opdorp'),
(1848, 321, 'Opglabbeek'),
(1849, 317, 'Opgrimbie'),
(1850, 49, 'Ophain-Bois-Seigneur-Isaac'),
(1851, 1087, 'Ophasselt'),
(1852, 353, 'Opheers'),
(1853, 37, 'Opheylissem'),
(1854, 319, 'Ophoven'),
(1855, 364, 'Opitter'),
(1856, 274, 'Oplinter'),
(1857, 325, 'Opoeteren'),
(1858, 752, 'Opont'),
(1859, 26, 'Opprebais'),
(1860, 220, 'Oppuurs'),
(1861, 278, 'Opvelp'),
(1862, 99, 'OPWIJK'),
(1863, 38, 'Orbais'),
(1864, 590, 'Orchimont'),
(1865, 840, 'Orcq'),
(1866, 345, 'Ordingen'),
(1867, 610, 'Oret'),
(1868, 421, 'OREYE'),
(1869, 3, 'Organisations Sociales Chrétiennes'),
(1870, 757, 'Orgeo'),
(1871, 893, 'Ormeignies'),
(1872, 36, 'ORP-JAUCHE'),
(1873, 36, 'Orp-Le-Grand'),
(1874, 884, 'Orroir'),
(1875, 277, 'Orsmaal-Gussenhoven'),
(1876, 779, 'Ortho'),
(1877, 895, 'Ostiches'),
(1878, 12, 'OTAN'),
(1879, 966, 'Otegem'),
(1880, 399, 'Oteppe'),
(1881, 415, 'Othée'),
(1882, 421, 'Otrange'),
(1883, 237, 'Ottenburg'),
(1884, 1081, 'Ottergem'),
(1885, 32, 'Ottignies'),
(1886, 32, 'OTTIGNIES-LOUVAIN-LA-NEUVE'),
(1887, 238, 'OUD-HEVERLEE'),
(1888, 171, 'OUD-TURNHOUT'),
(1889, 1060, 'Oudegem'),
(1890, 977, 'Oudekapelle'),
(1891, 1108, 'OUDENAARDE'),
(1892, 75, 'Oudenaken'),
(1893, 951, 'OUDENBURG'),
(1894, 324, 'OUDSBERGEN'),
(1895, 446, 'OUFFET'),
(1896, 383, 'Ougrée'),
(1897, 470, 'OUPEYE'),
(1898, 1080, 'Outer'),
(1899, 276, 'Outgaarden'),
(1900, 445, 'Outrelouxhe'),
(1901, 974, 'Outrijve'),
(1902, 1109, 'Ouwegem'),
(1903, 1087, 'Overboelare'),
(1904, 277, 'Overhespen'),
(1905, 249, 'OVERIJSE'),
(1906, 1069, 'Overmere'),
(1907, 356, 'Overpelt'),
(1908, 327, 'Overrepen'),
(1909, 285, 'Overwinden'),
(1910, 312, 'Paal'),
(1911, 430, 'Paifve'),
(1912, 443, 'Pailhe'),
(1913, 750, 'PALISEUL'),
(1914, 102, 'Pamel'),
(1915, 904, 'Papignies'),
(1916, 1102, 'Parike'),
(1917, 1, 'Parlement de la Communauté française'),
(1918, 4, 'Parlement Européen'),
(1919, 531, 'Parlement Wallon'),
(1920, 1033, 'Passendale'),
(1921, 602, 'Patignies'),
(1922, 832, 'Pâturages'),
(1923, 1099, 'Paulatem'),
(1924, 881, 'PECQ'),
(1925, 368, 'PEER'),
(1926, 809, 'Peissant'),
(1927, 412, 'Pellaines'),
(1928, 265, 'Pellenberg'),
(1929, 356, 'PELT'),
(1930, 86, 'PEPINGEN'),
(1931, 511, 'PEPINSTER'),
(1932, 109, 'Perk'),
(1933, 873, 'Péronnes-Lez-Antoing'),
(1934, 813, 'Péronnes-Lez-Binche'),
(1935, 859, 'PÉRUWELZ'),
(1936, 977, 'Pervijze'),
(1937, 38, 'PERWEZ'),
(1938, 559, 'Perwez-Haillot'),
(1939, 616, 'Pesche'),
(1940, 605, 'Pessoux'),
(1941, 1114, 'Petegem-Aan-De-Leie'),
(1942, 1113, 'Petegem-Aan-De-Schelde'),
(1943, 616, 'Pétigny'),
(1944, 902, 'Petit-Enghien'),
(1945, 591, 'Petit-Fays'),
(1946, 411, 'Petit-Hallet'),
(1947, 496, 'Petit-Rechain'),
(1948, 806, 'Petit-Roeulx-Lez-Braine'),
(1949, 819, 'Petit-Roeulx-Lez-Nivelles'),
(1950, 705, 'Petit-Thier'),
(1951, 616, 'Petite-Chapelle'),
(1952, 108, 'Peutie'),
(1953, 606, 'PHILIPPEVILLE'),
(1954, 816, 'Piéton'),
(1955, 40, 'Piétrain'),
(1956, 26, 'Piétrebais'),
(1957, 915, 'Pipaix'),
(1958, 327, 'Piringen'),
(1959, 654, 'Pironchamps'),
(1960, 993, 'PITTEM'),
(1961, 386, 'Plainevaux'),
(1962, 41, 'Plancenoit'),
(1963, 888, 'Ploegsteert'),
(1964, 508, 'PLOMBIÈRES'),
(1965, 157, 'Poederlee'),
(1966, 1123, 'Poeke'),
(1967, 1019, 'Poelkapelle'),
(1968, 1120, 'Poesele'),
(1969, 1076, 'Pollare'),
(1970, 518, 'Polleur'),
(1971, 496, 'Polleur'),
(1972, 982, 'Pollinkhove'),
(1973, 826, 'Pommeroeul'),
(1974, 601, 'Pondrôme'),
(1975, 652, 'PONT-À-CELLES'),
(1976, 655, 'Pont-De-Loup'),
(1977, 572, 'Pontillas'),
(1978, 1030, 'POPERINGE'),
(1979, 175, 'Poppel'),
(1980, 885, 'Popuelles'),
(1981, 766, 'Porcheresse'),
(1982, 567, 'Porcheresse'),
(1983, 12, 'Postcheque'),
(1984, 885, 'Pottes'),
(1985, 411, 'Poucet'),
(1986, 395, 'Poulseur'),
(1987, 742, 'Poupehan'),
(1988, 418, 'Pousset'),
(1989, 616, 'Presgaux'),
(1990, 655, 'Presles'),
(1991, 547, 'PROFONDEVILLE'),
(1992, 1031, 'Proven'),
(1993, 614, 'Pry'),
(1994, 152, 'Pulderbos'),
(1995, 153, 'Pulle'),
(1996, 583, 'Purnode'),
(1997, 590, 'Pussemange'),
(1998, 197, 'PUTTE'),
(1999, 218, 'Puurs'),
(2000, 218, 'PUURS-SINT-AMANDS'),
(2001, 838, 'QUAREGNON'),
(2002, 855, 'Quartes'),
(2003, 51, 'Quenast'),
(2004, 453, 'Queue-Du-Bois'),
(2005, 928, 'Quevaucamps'),
(2006, 797, 'QUÉVY'),
(2007, 797, 'Quévy-Le-Grand'),
(2008, 797, 'Quévy-Le-Petit'),
(2009, 835, 'QUIÉVRAIN'),
(2010, 1, 'Raad van de Vlaamse Gemeenschapscommissie'),
(2011, 732, 'Rachecourt'),
(2012, 412, 'Racour'),
(2013, 483, 'RAEREN'),
(2014, 669, 'Ragnies'),
(2015, 525, 'Rahier'),
(2016, 927, 'Ramegnies'),
(2017, 845, 'Ramegnies-Chin'),
(2018, 442, 'Ramelot'),
(2019, 39, 'RAMILLIES'),
(2020, 119, 'Ramsdonk'),
(2021, 149, 'Ramsel'),
(2022, 936, 'Ramskapelle'),
(2023, 979, 'Ramskapelle'),
(2024, 664, 'Rance'),
(2025, 629, 'Ransart'),
(2026, 293, 'Ransberg'),
(2027, 189, 'RANST'),
(2028, 173, 'RAVELS'),
(2029, 895, 'Rebaix'),
(2030, 51, 'REBECQ'),
(2031, 51, 'Rebecq-Rognon'),
(2032, 490, 'Recht'),
(2033, 733, 'Recogne'),
(2034, 759, 'Redu'),
(2035, 213, 'Reet'),
(2036, 316, 'Rekem'),
(2037, 1020, 'Rekkem'),
(2038, 95, 'Relegem'),
(2039, 733, 'Remagne'),
(2040, 341, 'Remersdaal'),
(2041, 418, 'REMICOURT'),
(2042, 1097, 'RENAIX'),
(2043, 782, 'RENDEUX'),
(2044, 982, 'Reninge'),
(2045, 1030, 'Reningelst'),
(2046, 665, 'Renlies'),
(2047, 363, 'Reppel'),
(2048, 813, 'Ressaix'),
(2049, 1092, 'Ressegem'),
(2050, 765, 'Resteigne'),
(2051, 184, 'RETIE'),
(2052, 455, 'Retinne'),
(2053, 494, 'Reuland'),
(2054, 645, 'Rèves'),
(2055, 541, 'Rhisnes'),
(2056, 80, 'RHODE-SAINT-GENÈSE'),
(2057, 447, 'Richelle'),
(2058, 339, 'RIEMST'),
(2059, 602, 'Rienne'),
(2060, 663, 'Rièzes'),
(2061, 351, 'Rijkel'),
(2062, 162, 'RIJKEVORSEL'),
(2063, 336, 'Rijkhoven'),
(2064, 211, 'Rijmenam'),
(2065, 327, 'Riksingen'),
(2066, 262, 'Rillaar'),
(2067, 547, 'Rivière'),
(2068, 29, 'RIXENSART'),
(2069, 659, 'Robechies'),
(2070, 726, 'Robelmont'),
(2071, 520, 'Robertville'),
(2072, 1099, 'Roborst'),
(2073, 604, 'ROCHEFORT'),
(2074, 742, 'Rochehaut'),
(2075, 487, 'Rocherath'),
(2076, 475, 'Roclenge-Sur-Geer'),
(2077, 369, 'Rocourt'),
(2078, 1031, 'Roesbrugge-Haringe'),
(2079, 1003, 'ROESELARE'),
(2080, 615, 'Rognée'),
(2081, 837, 'Roisin'),
(2082, 951, 'Roksem'),
(2083, 957, 'Rollegem'),
(2084, 1012, 'Rollegem-Kapelle'),
(2085, 417, 'Roloux'),
(2086, 606, 'Roly'),
(2087, 606, 'Romedenne'),
(2088, 618, 'Romerée'),
(2089, 334, 'Romershoven'),
(2090, 457, 'Romsée'),
(2091, 871, 'Rongy'),
(2092, 806, 'Ronquières'),
(2093, 1132, 'Ronsele'),
(2094, 279, 'Roosbeek'),
(2095, 102, 'ROOSDAAL'),
(2096, 607, 'Rosée'),
(2097, 655, 'Roselies'),
(2098, 30, 'Rosières'),
(2099, 336, 'Rosmeer'),
(2100, 407, 'Rosoux-Crenwick'),
(2101, 715, 'Rossignol'),
(2102, 320, 'Rotem'),
(2103, 384, 'Rotheux-Rimière'),
(2104, 250, 'ROTSELAAR'),
(2105, 860, 'Roucourt'),
(2106, 809, 'Rouveroy'),
(2107, 388, 'Rouvreux'),
(2108, 725, 'ROUVROY'),
(2109, 630, 'Roux'),
(2110, 26, 'Roux-Miroir'),
(2111, 760, 'Roy'),
(2112, 1099, 'Rozebeke'),
(2113, 4, 'RTBF'),
(2114, 3, 'RTL-TVI'),
(2115, 931, 'Ruddervoorde'),
(2116, 722, 'Ruette'),
(2117, 1107, 'Ruien'),
(2118, 218, 'Ruisbroek'),
(2119, 76, 'Ruisbroek'),
(2120, 995, 'RUISELEDE'),
(2121, 353, 'Rukkelingen-Loon'),
(2122, 714, 'Rulles'),
(2123, 1003, 'Rumbeke'),
(2124, 865, 'RUMES'),
(2125, 855, 'Rumillies'),
(2126, 290, 'Rummen'),
(2127, 285, 'Rumsdorp'),
(2128, 213, 'RUMST');
INSERT INTO `locality` (`id`, `post_code_id`, `name`) VALUES
(2129, 346, 'Runkelen'),
(2130, 1054, 'Rupelmonde'),
(2131, 884, 'Russeignies'),
(2132, 327, 'Rutten'),
(2133, 531, 'SA SudPresse'),
(2134, 648, 'Saint-Amand'),
(2135, 450, 'Saint-André'),
(2136, 607, 'Saint-Aubin'),
(2137, 796, 'Saint-Denis'),
(2138, 542, 'Saint-Denis-Bovesse'),
(2139, 434, 'SAINT-GEORGES-SUR-MEUSE'),
(2140, 610, 'Saint-Gérard'),
(2141, 550, 'Saint-Germain'),
(2142, 54, 'Saint-Géry'),
(2143, 827, 'SAINT-GHISLAIN'),
(2144, 6, 'SAINT-GILLES'),
(2145, 756, 'SAINT-HUBERT'),
(2146, 40, 'Saint-Jean-Geest'),
(2147, 22, 'SAINT-JOSSE-TEN-NOODE'),
(2148, 880, 'Saint-Léger'),
(2149, 720, 'SAINT-LÉGER'),
(2150, 530, 'Saint-Marc'),
(2151, 724, 'Saint-Mard'),
(2152, 548, 'Saint-Martin'),
(2153, 839, 'Saint-Maur'),
(2154, 758, 'Saint-Médard'),
(2155, 424, 'SAINT-NICOLAS'),
(2157, 733, 'Saint-Pierre'),
(2158, 469, 'Saint-Remy'),
(2159, 659, 'Saint-Remy'),
(2160, 40, 'Saint-Remy-Geest'),
(2161, 919, 'Saint-Sauveur'),
(2162, 529, 'Saint-Servais'),
(2163, 441, 'Saint-Séverin'),
(2164, 792, 'Saint-Symphorien'),
(2165, 807, 'Saint-Vaast'),
(2166, 715, 'Saint-Vincent'),
(2167, 490, 'SAINT-VITH'),
(2168, 738, 'Sainte-Cécile'),
(2169, 733, 'Sainte-Marie-Chevigny'),
(2170, 716, 'Sainte-Marie-Sur-Semois'),
(2171, 699, 'SAINTE-ODE'),
(2172, 64, 'Saintes'),
(2173, 468, 'Saive'),
(2174, 659, 'Salles'),
(2175, 606, 'Samart'),
(2176, 539, 'SAMBREVILLE'),
(2177, 778, 'Samrée'),
(2178, 805, 'Sars-La-Bruyère'),
(2179, 674, 'Sars-La-Buissière'),
(2180, 551, 'Sart-Bernard'),
(2181, 602, 'Sart-Custinne'),
(2182, 66, 'Sart-Dames-Avelines'),
(2183, 606, 'Sart-En-Fagne'),
(2184, 540, 'Sart-Eustache'),
(2185, 507, 'Sart-Lez-Spa'),
(2186, 540, 'Sart-Saint-Laurent'),
(2187, 664, 'Sautin'),
(2188, 606, 'Sautour'),
(2189, 536, 'Sauvenière'),
(2190, 12, 'Scanning'),
(2191, 3, 'SCHAERBEEK'),
(2192, 271, 'Schaffen'),
(2193, 335, 'Schalkhoven'),
(2194, 566, 'Schaltin'),
(2195, 1116, 'Schelderode'),
(2196, 1121, 'Scheldewindeke'),
(2197, 202, 'SCHELLE'),
(2198, 1066, 'Schellebelle'),
(2199, 1088, 'Schendelbeke'),
(2200, 93, 'Schepdaal'),
(2201, 268, 'Scherpenheuvel'),
(2202, 268, 'SCHERPENHEUVEL-ZICHEM'),
(2203, 228, 'SCHILDE'),
(2204, 491, 'Schoenberg'),
(2205, 1060, 'Schoonaarde'),
(2206, 948, 'Schore'),
(2207, 1106, 'Schorisse'),
(2208, 221, 'SCHOTEN'),
(2209, 148, 'Schriek'),
(2210, 989, 'Schuiferskapelle'),
(2211, 304, 'Schulen'),
(2212, 549, 'Sclayn'),
(2213, 563, 'Scy'),
(2214, 549, 'Seilles'),
(2215, 728, 'Sélange'),
(2216, 683, 'Seloignes'),
(2217, 1125, 'Semmerzake'),
(2218, 1, 'Senat de Belgique'),
(2219, 818, 'SENEFFE'),
(2220, 744, 'Sensenruth'),
(2221, 442, 'Seny'),
(2222, 609, 'Senzeilles'),
(2223, 767, 'Septon'),
(2224, 381, 'SERAING'),
(2225, 439, 'Seraing-Le-Château'),
(2226, 605, 'Serinchamps'),
(2227, 1066, 'Serskamp'),
(2228, 579, 'Serville'),
(2229, 785, 'SHAPE'),
(2230, 687, 'Sibret'),
(2231, 721, 'Signeulx'),
(2232, 938, 'Sijsele'),
(2233, 609, 'Silenrieux'),
(2234, 901, 'SILLY'),
(2235, 1050, 'Sinaai-Waas'),
(2236, 571, 'Sinsin'),
(2237, 237, 'Sint-Agatha-Rode'),
(2238, 220, 'Sint-Amands'),
(2239, 1038, 'Sint-Amandsberg'),
(2240, 932, 'Sint-Andries'),
(2241, 1091, 'Sint-Antelinks'),
(2242, 990, 'Sint-Baafs-Vijve'),
(2243, 1099, 'Sint-Blasius-Boekel'),
(2244, 967, 'Sint-Denijs'),
(2245, 1099, 'Sint-Denijs-Boekel'),
(2246, 1042, 'Sint-Denijs-Westrem'),
(2247, 1002, 'Sint-Eloois-Vijve'),
(2248, 1012, 'Sint-Eloois-Winkel'),
(2249, 1060, 'Sint-Gillis-Dendermonde'),
(2250, 1056, 'SINT-GILLIS-WAAS'),
(2251, 1098, 'Sint-Goriks-Oudenhove'),
(2252, 334, 'Sint-Huibrechts-Hern'),
(2253, 357, 'Sint-Huibrechts-Lille'),
(2254, 977, 'Sint-Jacobs-Kapelle'),
(2255, 1014, 'Sint-Jan'),
(2256, 1142, 'Sint-Jan-In-Eremo'),
(2257, 227, 'Sint-Job-In-\'T-Goor'),
(2258, 992, 'Sint-Joris'),
(2259, 979, 'Sint-Joris'),
(2260, 239, 'Sint-Joris-Weert'),
(2261, 283, 'Sint-Joris-Winge'),
(2262, 216, 'SINT-KATELIJNE-WAVER'),
(2263, 98, 'Sint-Katherina-Lombeek'),
(2264, 1103, 'Sint-Kornelis-Horebeke'),
(2265, 937, 'Sint-Kruis'),
(2266, 1040, 'Sint-Kruis-Winkel'),
(2267, 100, 'Sint-Kwintens-Lennik'),
(2268, 297, 'Sint-Lambrechts-Herk'),
(2269, 1140, 'SINT-LAUREINS'),
(2270, 75, 'Sint-Laureins-Berchem'),
(2271, 227, 'Sint-Lenaarts'),
(2272, 1091, 'Sint-Lievens-Esse'),
(2273, 1089, 'SINT-LIEVENS-HOUTEM'),
(2274, 1141, 'Sint-Margriete'),
(2275, 293, 'Sint-Margriete-Houtem'),
(2276, 274, 'Sint-Margriete-Houtem'),
(2277, 1103, 'Sint-Maria-Horebeke'),
(2278, 1099, 'Sint-Maria-Latem'),
(2279, 1094, 'Sint-Maria-Lierde'),
(2280, 1101, 'Sint-Maria-Oudenhove'),
(2281, 1098, 'Sint-Maria-Oudenhove'),
(2282, 90, 'Sint-Martens-Bodegem'),
(2283, 1117, 'SINT-MARTENS-LATEM'),
(2284, 1114, 'Sint-Martens-Leerne'),
(2285, 100, 'Sint-Martens-Lennik'),
(2286, 1096, 'Sint-Martens-Lierde'),
(2287, 932, 'Sint-Michiels'),
(2288, 1048, 'SINT-NIKLAAS'),
(2289, 1056, 'Sint-Pauwels'),
(2290, 71, 'Sint-Pieters-Kapelle'),
(2291, 948, 'Sint-Pieters-Kapelle'),
(2292, 75, 'SINT-PIETERS-LEEUW'),
(2293, 266, 'Sint-Pieters-Rode'),
(2294, 987, 'Sint-Rijkers'),
(2295, 122, 'Sint-Stevens-Woluwe'),
(2296, 345, 'SINT-TRUIDEN'),
(2297, 90, 'Sint-Ulriks-Kapelle'),
(2298, 509, 'Sippenaeken'),
(2299, 829, 'Sirault'),
(2300, 664, 'Sivry'),
(2301, 664, 'SIVRY-RANCE'),
(2302, 1133, 'Sleidinge'),
(2303, 948, 'Slijpe'),
(2304, 428, 'Slins'),
(2305, 327, 'Sluizen'),
(2306, 1088, 'Smeerebbe-Vloerzegem'),
(2307, 1074, 'Smetlede'),
(2308, 759, 'Smuid'),
(2309, 952, 'Snaaskerke'),
(2310, 954, 'Snellegem'),
(2311, 442, 'Soheit-Tinlot'),
(2312, 761, 'Sohier'),
(2313, 800, 'SOIGNIES'),
(2314, 512, 'Soiron'),
(2315, 665, 'Solre-Saint-Géry'),
(2316, 676, 'Solre-Sur-Sambre'),
(2317, 545, 'SOMBREFFE'),
(2318, 571, 'SOMME-LEUZE'),
(2319, 726, 'Sommethonne'),
(2320, 581, 'Sommière'),
(2321, 615, 'Somzée'),
(2322, 556, 'Sorée'),
(2323, 553, 'Sorinne-La-Longue'),
(2324, 576, 'Sorinnes'),
(2325, 584, 'Sosoye'),
(2326, 519, 'Sougné-Remouchamps'),
(2327, 618, 'Soulme'),
(2328, 458, 'SOUMAGNE'),
(2329, 609, 'Soumoy'),
(2330, 520, 'Sourbrodt'),
(2331, 642, 'Souvret'),
(2332, 605, 'Sovet'),
(2333, 784, 'Soy'),
(2334, 546, 'Soye'),
(2335, 517, 'SPA'),
(2336, 299, 'Spalbeek'),
(2337, 22, 'SPF Mobilité'),
(2338, 794, 'Spiennes'),
(2339, 583, 'Spontin'),
(2340, 388, 'SPRIMONT'),
(2341, 548, 'Spy'),
(2342, 225, 'STABROEK'),
(2343, 1007, 'STADEN'),
(2344, 954, 'Stalhille'),
(2345, 929, 'Stambruges'),
(2346, 613, 'Stave'),
(2347, 988, 'Stavele'),
(2348, 522, 'STAVELOT'),
(2349, 1053, 'Steendorp'),
(2350, 112, 'Steenhuffel'),
(2351, 1091, 'Steenhuize-Wijnhuize'),
(2352, 980, 'Steenkerke'),
(2353, 806, 'Steenkerque'),
(2354, 109, 'STEENOKKERZEEL'),
(2355, 1059, 'STEKENE'),
(2356, 497, 'Stembert'),
(2357, 942, 'Stene'),
(2358, 123, 'Sterrebeek'),
(2359, 301, 'Stevoort'),
(2360, 320, 'Stokkem'),
(2361, 300, 'Stokrooie'),
(2362, 525, 'STOUMONT'),
(2363, 758, 'Straimont'),
(2364, 666, 'Strée'),
(2365, 445, 'Strée-Lez-Huy'),
(2366, 808, 'Strépy-Bracquegnies'),
(2367, 1098, 'Strijpen'),
(2368, 102, 'Strijtem'),
(2369, 116, 'Strombeek-Bever'),
(2370, 977, 'Stuivekenskerke'),
(2371, 532, 'Suarlée'),
(2372, 590, 'Sugny'),
(2373, 606, 'Surice'),
(2374, 736, 'Suxy'),
(2375, 690, 'Tailles'),
(2376, 867, 'Taintignies'),
(2377, 539, 'Tamines'),
(2378, 615, 'Tarcienne'),
(2379, 393, 'Tavier'),
(2380, 550, 'Taviers'),
(2381, 691, 'Tavigny'),
(2382, 765, 'TELLIN'),
(2383, 845, 'Templeuve'),
(2384, 532, 'Temploux'),
(2385, 1053, 'TEMSE'),
(2386, 774, 'TENNEVILLE'),
(2387, 107, 'Teralfene'),
(2388, 213, 'Terhagen'),
(2389, 737, 'Termes'),
(2390, 96, 'TERNAT'),
(2391, 830, 'Tertre'),
(2392, 248, 'TERVUREN'),
(2393, 443, 'Terwagne'),
(2394, 367, 'TESSENDERLO'),
(2395, 270, 'Testelt'),
(2396, 343, 'Teuven'),
(2397, 518, 'THEUX'),
(2398, 710, 'Thiaumont'),
(2399, 804, 'Thieu'),
(2400, 913, 'Thieulain'),
(2401, 801, 'Thieusies'),
(2402, 652, 'Thiméon'),
(2403, 516, 'Thimister'),
(2404, 516, 'THIMISTER-CLERMONT'),
(2405, 851, 'Thimougies'),
(2406, 45, 'Thines'),
(2407, 665, 'Thirimont'),
(2408, 411, 'Thisnes'),
(2409, 495, 'Thommen'),
(2410, 549, 'Thon'),
(2411, 38, 'Thorembais-Les-Béguines'),
(2412, 38, 'Thorembais-Saint-Trond'),
(2413, 901, 'Thoricourt'),
(2414, 672, 'Thuillies'),
(2415, 667, 'THUIN'),
(2416, 833, 'Thulin'),
(2417, 927, 'Thumaide'),
(2418, 608, 'Thy-Le-Baudouin'),
(2419, 615, 'Thy-Le-Château'),
(2420, 575, 'Thynes'),
(2421, 422, 'Thys'),
(2422, 971, 'Tiegem'),
(2423, 183, 'Tielen'),
(2424, 1053, 'Tielrode'),
(2425, 989, 'TIELT'),
(2426, 283, 'Tielt'),
(2427, 283, 'TIELT-WINGE'),
(2428, 274, 'TIENEN'),
(2429, 458, 'Tignée'),
(2430, 436, 'Tihange'),
(2431, 257, 'Tildonk'),
(2432, 387, 'Tilff'),
(2433, 699, 'Tillet'),
(2434, 424, 'Tilleur'),
(2435, 572, 'Tillier'),
(2436, 66, 'Tilly'),
(2437, 442, 'TINLOT'),
(2438, 686, 'Tintange'),
(2439, 715, 'TINTIGNY'),
(2440, 212, 'Tisselt'),
(2441, 707, 'Toernich'),
(2442, 768, 'Tohogne'),
(2443, 74, 'Tollembeek'),
(2444, 327, 'TONGEREN'),
(2445, 364, 'Tongerlo'),
(2446, 155, 'Tongerlo'),
(2447, 925, 'Tongre-Notre-Dame'),
(2448, 924, 'Tongre-Saint-Martin'),
(2449, 545, 'Tongrinne'),
(2450, 710, 'Tontelange'),
(2451, 725, 'Torgny'),
(2452, 1005, 'TORHOUT'),
(2453, 410, 'Tourinne'),
(2454, 27, 'Tourinnes-La-Grosse'),
(2455, 55, 'Tourinnes-Saint-Lambert'),
(2456, 839, 'TOURNAI'),
(2457, 749, 'Tournay'),
(2458, 915, 'Tourpes'),
(2459, 759, 'Transinne'),
(2460, 643, 'Trazegnies'),
(2461, 617, 'Treignes'),
(2462, 467, 'Trembleur'),
(2463, 253, 'TREMELO'),
(2464, 807, 'Trivières'),
(2465, 411, 'Trognée'),
(2466, 523, 'TROIS-PONTS'),
(2467, 513, 'TROOZ'),
(2468, 64, 'TUBIZE'),
(2469, 161, 'TURNHOUT'),
(2470, 19, 'UCCLE'),
(2471, 745, 'Ucimont'),
(2472, 318, 'Uikhoven'),
(2473, 1069, 'Uitbergen'),
(2474, 939, 'Uitkerke'),
(2475, 350, 'Ulbeek'),
(2476, 4, 'Union Européenne - Commission'),
(2477, 4, 'Union Européenne - Conseil'),
(2478, 550, 'Upigny'),
(2479, 1127, 'Ursel'),
(2480, 242, 'Vaalbeek'),
(2481, 339, 'Val-Meer'),
(2482, 717, 'Vance'),
(2483, 180, 'Varendonk'),
(2484, 954, 'Varsenare'),
(2485, 618, 'Vaucelles'),
(2486, 853, 'Vaulx'),
(2487, 661, 'Vaulx-Lez-Chimay'),
(2488, 773, 'Vaux-Chavanne'),
(2489, 438, 'Vaux-Et-Borset'),
(2490, 687, 'Vaux-Lez-Rosières'),
(2491, 378, 'Vaux-Sous-Chèvremont'),
(2492, 687, 'VAUX-SUR-SÛRE'),
(2493, 353, 'Vechmaal'),
(2494, 532, 'Vedrin'),
(2495, 180, 'Veerle'),
(2496, 539, 'Velaine-Sur-Sambre'),
(2497, 885, 'Velaines'),
(2498, 933, 'Veldegem'),
(2499, 315, 'Veldwezelt'),
(2500, 809, 'Vellereille-Le-Sec'),
(2501, 809, 'Vellereille-Les-Brayeux'),
(2502, 347, 'Velm'),
(2503, 433, 'Velroux'),
(2504, 236, 'Veltem-Beisem'),
(2505, 1098, 'Velzeke-Ruddershove'),
(2506, 602, 'Vencimont'),
(2507, 657, 'Vergnies'),
(2508, 439, 'VERLAINE'),
(2509, 567, 'Verlée'),
(2510, 1052, 'Verrebroek'),
(2511, 279, 'Vertrijk'),
(2512, 496, 'VERVIERS'),
(2513, 756, 'Vesqueville'),
(2514, 353, 'Veulen'),
(2515, 980, 'VEURNE'),
(2516, 549, 'Vezin'),
(2517, 854, 'Vezon'),
(2518, 1087, 'Viane'),
(2519, 969, 'Vichte'),
(2520, 704, 'VIELSALM'),
(2521, 414, 'Viemme'),
(2522, 151, 'Viersel'),
(2523, 445, 'Vierset-Barse'),
(2524, 617, 'Vierves-Sur-Viroin'),
(2525, 652, 'Viesville'),
(2526, 60, 'Vieux-Genappe'),
(2527, 438, 'Vieux-Waleffe'),
(2528, 398, 'Vieuxville'),
(2529, 759, 'Villance'),
(2530, 408, 'Ville-En-Hesbaye'),
(2531, 826, 'Ville-Pommeroeul'),
(2532, 804, 'Ville-Sur-Haine'),
(2533, 831, 'Villerot'),
(2534, 391, 'Villers-Aux-Tours'),
(2535, 609, 'Villers-Deux-Eglises'),
(2536, 740, 'Villers-Devant-Orval'),
(2537, 606, 'Villers-En-Fagne'),
(2538, 415, 'Villers-L\'Evêque'),
(2539, 684, 'Villers-La-Bonne-Eau'),
(2540, 726, 'Villers-La-Loue'),
(2541, 659, 'Villers-La-Tour'),
(2542, 66, 'VILLERS-LA-VILLE'),
(2543, 438, 'VILLERS-LE-BOUILLET'),
(2544, 606, 'Villers-Le-Gambon'),
(2545, 411, 'Villers-Le-Peuplier'),
(2546, 441, 'Villers-Le-Temple'),
(2547, 541, 'Villers-Lez-Heest'),
(2548, 898, 'Villers-Notre-Dame'),
(2549, 645, 'Villers-Perwin'),
(2550, 656, 'Villers-Poterie'),
(2551, 898, 'Villers-Saint-Amand'),
(2552, 793, 'Villers-Saint-Ghislain'),
(2553, 431, 'Villers-Saint-Siméon'),
(2554, 768, 'Villers-Sainte-Gertrude'),
(2555, 604, 'Villers-Sur-Lesse'),
(2556, 716, 'Villers-Sur-Semois'),
(2557, 108, 'VILVOORDE'),
(2558, 437, 'Vinalmont'),
(2559, 1129, 'Vinderhoute'),
(2560, 980, 'Vinkem'),
(2561, 1114, 'Vinkt'),
(2562, 660, 'Virelles'),
(2563, 56, 'Virginal-Samme'),
(2564, 617, 'VIROINVAL'),
(2565, 722, 'VIRTON'),
(2566, 447, 'VISÉ'),
(2567, 274, 'Vissenaken'),
(2568, 844, 'Vitrine Magique'),
(2569, 540, 'Vitrival'),
(2570, 473, 'Vivegnis'),
(2571, 745, 'Vivy'),
(2572, 1, 'Vlaams parlement'),
(2573, 977, 'Vladslo'),
(2574, 1018, 'Vlamertinge'),
(2575, 1081, 'Vlekkem'),
(2576, 981, 'VLETEREN'),
(2577, 77, 'Vlezenbeek'),
(2578, 333, 'Vliermaal'),
(2579, 330, 'Vliermaalroot'),
(2580, 1089, 'Vlierzele'),
(2581, 339, 'Vlijtingen'),
(2582, 169, 'Vlimmeren'),
(2583, 944, 'Vlissegem'),
(2584, 606, 'Vodecée'),
(2585, 618, 'Vodelée'),
(2586, 614, 'Vogenée'),
(2587, 1108, 'Volkegem'),
(2588, 74, 'Vollezele'),
(2589, 597, 'Vonêche'),
(2590, 1075, 'Voorde'),
(2591, 1015, 'Voormezele'),
(2592, 351, 'Voort'),
(2593, 417, 'Voroux-Goreux'),
(2594, 429, 'Voroux-Lez-Liers'),
(2595, 160, 'VORSELAAR'),
(2596, 354, 'Vorsen'),
(2597, 179, 'Vorst'),
(2598, 170, 'VOSSELAAR'),
(2599, 1120, 'Vosselare'),
(2600, 248, 'Vossem'),
(2601, 375, 'Vottem'),
(2602, 1051, 'Vrasene'),
(2603, 191, 'Vremde'),
(2604, 327, 'Vreren'),
(2605, 590, 'VRESSE-SUR-SEMOIS'),
(2606, 339, 'Vroenhoven'),
(2607, 4, 'VRT'),
(2608, 108, 'VTM'),
(2609, 317, 'Vucht'),
(2610, 1125, 'Vurste'),
(2611, 444, 'Vyle-Et-Tharoul'),
(2612, 296, 'Waanrode'),
(2613, 1088, 'Waarbeke'),
(2614, 931, 'Waardamme'),
(2615, 194, 'Waarloos'),
(2616, 973, 'Waarmaarde'),
(2617, 1134, 'Waarschoot'),
(2618, 286, 'Waasmont'),
(2619, 1064, 'WAASMUNSTER'),
(2620, 1058, 'WACHTEBEKE'),
(2621, 927, 'Wadelincourt'),
(2622, 650, 'Wagnelée'),
(2623, 760, 'Waha'),
(2624, 571, 'Waillet'),
(2625, 520, 'WAIMES'),
(2626, 991, 'Wakken'),
(2627, 614, 'WALCOURT'),
(2628, 207, 'Walem'),
(2629, 55, 'WALHAIN'),
(2630, 55, 'Walhain-Saint-Paul'),
(2631, 479, 'Walhorn'),
(2632, 286, 'Walsbets'),
(2633, 286, 'Walshoutem'),
(2634, 336, 'Waltwilder'),
(2635, 97, 'Wambeek'),
(2636, 597, 'Wancennes'),
(2637, 370, 'Wandre'),
(2638, 651, 'Wanfercée-Baulet'),
(2639, 285, 'Wange'),
(2640, 647, 'Wangenies'),
(2641, 596, 'Wanlin'),
(2642, 523, 'Wanne'),
(2643, 904, 'Wannebecq'),
(2644, 1112, 'Wannegem-Lede'),
(2645, 411, 'Wansin'),
(2646, 437, 'WANZE'),
(2647, 1074, 'Wanzele'),
(2648, 858, 'Warchin'),
(2649, 881, 'Warcoing'),
(2650, 684, 'Wardin'),
(2651, 999, 'WAREGEM'),
(2652, 413, 'WAREMME'),
(2653, 400, 'Waret-L\'Evêque'),
(2654, 550, 'Waret-La-Chaussée'),
(2655, 541, 'Warisoulx'),
(2656, 584, 'Warnant'),
(2657, 438, 'Warnant-Dreye'),
(2658, 890, 'Warneton'),
(2659, 832, 'Warquignies'),
(2660, 452, 'Warsage'),
(2661, 446, 'Warzée'),
(2662, 832, 'Wasmes'),
(2663, 863, 'Wasmes-Audemez-Briffoeil'),
(2664, 838, 'Wasmuel'),
(2665, 402, 'WASSEIGES'),
(2666, 1143, 'Waterland-Oudeman'),
(2667, 47, 'WATERLOO'),
(2668, 18, 'WATERMAEL-BOITSFORT'),
(2669, 1143, 'Watervliet'),
(2670, 1032, 'Watou'),
(2671, 917, 'Wattripont'),
(2672, 811, 'Waudrez'),
(2673, 585, 'Waulsort'),
(2674, 53, 'Wauthier-Braine'),
(2675, 23, 'WAVRE'),
(2676, 604, 'Wavreille'),
(2677, 645, 'Wayaux'),
(2678, 62, 'Ways'),
(2679, 271, 'Webbekom'),
(2680, 157, 'Wechelderzande'),
(2681, 174, 'Weelde'),
(2682, 128, 'Weerde'),
(2683, 219, 'Weert'),
(2684, 511, 'Wegnez'),
(2685, 581, 'Weillen'),
(2686, 1108, 'Welden'),
(2687, 505, 'WELKENRAEDT'),
(2688, 1086, 'Welle'),
(2689, 348, 'WELLEN'),
(2690, 761, 'WELLIN'),
(2691, 105, 'WEMMEL'),
(2692, 943, 'Wenduine'),
(2693, 543, 'Wépion'),
(2694, 398, 'Werbomont'),
(2695, 252, 'Werchter'),
(2696, 767, 'Wéris'),
(2697, 978, 'Werken'),
(2698, 334, 'Werm'),
(2699, 1021, 'WERVIK'),
(2700, 257, 'Wespelaar'),
(2701, 949, 'Westende'),
(2702, 155, 'WESTERLO'),
(2703, 935, 'Westkapelle'),
(2704, 951, 'Westkerke'),
(2705, 177, 'Westmalle'),
(2706, 150, 'Westmeerbeek'),
(2707, 1026, 'Westouter'),
(2708, 1062, 'Westrem'),
(2709, 1007, 'Westrozebeke'),
(2710, 981, 'Westvleteren'),
(2711, 1062, 'WETTEREN'),
(2712, 968, 'WEVELGEM'),
(2713, 868, 'Wez-Velvain'),
(2714, 251, 'Wezemaal'),
(2715, 125, 'WEZEMBEEK-OPPEM'),
(2716, 286, 'Wezeren'),
(2717, 693, 'Wibrin'),
(2718, 1066, 'WICHELEN'),
(2719, 327, 'Widooie'),
(2720, 147, 'Wiekevorst'),
(2721, 990, 'WIELSBEKE'),
(2722, 543, 'Wierde'),
(2723, 864, 'Wiers'),
(2724, 598, 'Wiesme'),
(2725, 1068, 'Wieze'),
(2726, 834, 'Wihéries'),
(2727, 430, 'Wihogne'),
(2728, 368, 'Wijchmaal'),
(2729, 352, 'Wijer'),
(2730, 235, 'Wijgmaal'),
(2731, 138, 'WIJNEGEM'),
(2732, 324, 'Wijshagen'),
(2733, 1025, 'Wijtschate'),
(2734, 346, 'Wilderen'),
(2735, 915, 'Willaupuis'),
(2736, 279, 'Willebringen'),
(2737, 212, 'WILLEBROEK'),
(2738, 844, 'Willemeau'),
(2739, 602, 'Willerzie'),
(2740, 200, 'Wilrijk'),
(2741, 234, 'Wilsele'),
(2742, 946, 'Wilskerke'),
(2743, 298, 'Wimmertingen'),
(2744, 597, 'Winenne'),
(2745, 994, 'WINGENE'),
(2746, 236, 'Winksele'),
(2747, 331, 'Wintershoven'),
(2748, 755, 'Witry'),
(2749, 911, 'Wodecq'),
(2750, 981, 'Woesten'),
(2751, 727, 'Wolkrange'),
(2752, 21, 'WOLUWE-SAINT-LAMBERT'),
(2753, 16, 'WOLUWE-SAINT-PIERRE'),
(2754, 118, 'Wolvertem'),
(2755, 141, 'WOMMELGEM'),
(2756, 277, 'Wommersom'),
(2757, 475, 'Wonck'),
(2758, 1037, 'Wondelgem'),
(2759, 1114, 'Wontergem'),
(2760, 1113, 'Wortegem'),
(2761, 1113, 'WORTEGEM-PETEGEM'),
(2762, 166, 'Wortel'),
(2763, 1091, 'Woubrechtegem'),
(2764, 977, 'Woumen'),
(2765, 985, 'Wulpen'),
(2766, 1024, 'Wulvergem'),
(2767, 980, 'Wulveringem'),
(2768, 230, 'WUUSTWEZEL'),
(2769, 464, 'Xhendelesse'),
(2770, 427, 'Xhendremael'),
(2771, 398, 'Xhoris'),
(2772, 441, 'Yernée-Fraineux'),
(2773, 844, 'Yves Rocher'),
(2774, 844, 'Yves Rocher'),
(2775, 614, 'Yves-Gomezée'),
(2776, 583, 'YVOIR'),
(2777, 1046, 'Zaffelare'),
(2778, 1088, 'Zandbergen'),
(2779, 986, 'Zande'),
(2780, 151, 'ZANDHOVEN'),
(2781, 133, 'Zandvliet'),
(2782, 942, 'Zandvoorde'),
(2783, 1033, 'Zandvoorde'),
(2784, 1087, 'Zarlardinge'),
(2785, 978, 'Zarren'),
(2786, 121, 'ZAVENTEM'),
(2787, 933, 'ZEDELGEM'),
(2788, 941, 'Zeebrugge'),
(2789, 1101, 'Zegelsem'),
(2790, 1063, 'ZELE'),
(2791, 305, 'Zelem'),
(2792, 95, 'Zellik'),
(2793, 1044, 'ZELZATE'),
(2794, 126, 'ZEMST'),
(2795, 345, 'Zepperen'),
(2796, 954, 'Zerkegem'),
(2797, 40, 'Zétrud-Lumay'),
(2798, 952, 'Zevekote'),
(2799, 1046, 'Zeveneken'),
(2800, 1114, 'Zeveren'),
(2801, 1119, 'Zevergem'),
(2802, 269, 'Zichem'),
(2803, 339, 'Zichen-Zussen-Bolder'),
(2804, 1015, 'Zillebeke'),
(2805, 1109, 'Zingem'),
(2806, 155, 'Zoerle-Parwijs'),
(2807, 229, 'ZOERSEL'),
(2808, 306, 'Zolder'),
(2809, 1130, 'Zomergem'),
(2810, 302, 'ZONHOVEN'),
(2811, 1033, 'ZONNEBEKE'),
(2812, 1089, 'Zonnegem'),
(2813, 1098, 'ZOTTEGEM'),
(2814, 980, 'Zoutenaaie'),
(2815, 288, 'ZOUTLEEUW'),
(2816, 1016, 'Zuidschote'),
(2817, 940, 'ZUIENKERKE'),
(2818, 1122, 'ZULTE'),
(2819, 1107, 'Zulzeke'),
(2820, 326, 'ZUTENDAAL'),
(2821, 1099, 'ZWALM'),
(2822, 963, 'ZWEVEGEM'),
(2823, 994, 'Zwevezele'),
(2824, 1043, 'Zwijnaarde'),
(2825, 136, 'ZWIJNDRECHT');

-- --------------------------------------------------------

--
-- Structure de la table `municipality`
--

CREATE TABLE IF NOT EXISTS `municipality` (
  `id` int NOT NULL AUTO_INCREMENT,
  `name` varchar(180) COLLATE utf8mb4_unicode_ci NOT NULL,
  PRIMARY KEY (`id`)
) ENGINE=InnoDB AUTO_INCREMENT=582 DEFAULT CHARSET=utf8mb4 COLLATE=utf8mb4_unicode_ci;

--
-- Déchargement des données de la table `municipality`
--

INSERT INTO `municipality` (`id`, `name`) VALUES
(1, 'AALST'),
(2, 'AALTER'),
(3, 'AARSCHOT'),
(4, 'AARTSELAAR'),
(5, 'AFFLIGEM'),
(6, 'AISEAU-PRESLES'),
(7, 'ALKEN'),
(8, 'ALVERINGEM'),
(9, 'AMAY'),
(10, 'AMBLÈVE'),
(11, 'ANDENNE'),
(12, 'ANDERLECHT'),
(13, 'ANDERLUES'),
(14, 'ANHÉE'),
(15, 'ANS'),
(16, 'ANTHISNES'),
(17, 'ANTOING'),
(18, 'ANTWERPEN'),
(19, 'ANZEGEM'),
(20, 'ARDOOIE'),
(21, 'ARENDONK'),
(22, 'ARLON'),
(23, 'AS'),
(24, 'ASSE'),
(25, 'ASSENEDE'),
(26, 'ASSESSE'),
(27, 'ATH'),
(28, 'ATTERT'),
(29, 'AUBANGE'),
(30, 'AUBEL'),
(31, 'AUDERGHEM'),
(32, 'AVELGEM'),
(33, 'AWANS'),
(34, 'AYWAILLE'),
(35, 'BAARLE-HERTOG'),
(36, 'BAELEN'),
(37, 'BALEN'),
(38, 'BASSENGE'),
(39, 'BASTOGNE'),
(40, 'BEAUMONT'),
(41, 'BEAURAING'),
(42, 'BEAUVECHAIN'),
(43, 'BEERNEM'),
(44, 'BEERSE'),
(45, 'BEERSEL'),
(46, 'BEGIJNENDIJK'),
(47, 'BEKKEVOORT'),
(48, 'BELOEIL'),
(49, 'BERCHEM-SAINTE-AGATHE'),
(50, 'BERINGEN'),
(51, 'BERLAAR'),
(52, 'BERLARE'),
(53, 'BERLOZ'),
(54, 'BERNISSART'),
(55, 'BERTEM'),
(56, 'BERTOGNE'),
(57, 'BERTRIX'),
(58, 'BEVEREN-WAAS'),
(59, 'BEYNE-HEUSAY'),
(60, 'BIERBEEK'),
(61, 'BIÉVÈNE'),
(62, 'BIÈVRE'),
(63, 'BILZEN'),
(64, 'BINCHE'),
(65, 'BLANKENBERGE'),
(66, 'BLÉGNY'),
(67, 'BOCHOLT'),
(68, 'BOECHOUT'),
(69, 'BONHEIDEN'),
(70, 'BOOM'),
(71, 'BOORTMEERBEEK'),
(72, 'BORGLOON'),
(73, 'BORNEM'),
(74, 'BORSBEEK'),
(75, 'BOUILLON'),
(76, 'BOUSSU'),
(77, 'BOUTERSEM'),
(78, 'BRAINE-L\'ALLEUD'),
(79, 'BRAINE-LE-CHÂTEAU'),
(80, 'BRAINE-LE-COMTE'),
(81, 'BRAIVES'),
(82, 'BRAKEL'),
(83, 'BRASSCHAAT'),
(84, 'BRECHT'),
(85, 'BREDENE'),
(86, 'BREE'),
(87, 'BRUGELETTE'),
(88, 'BRUGGE'),
(89, 'BRUNEHAUT'),
(90, 'BRUXELLES'),
(91, 'BUGGENHOUT'),
(92, 'BULLANGE'),
(93, 'BURDINNE'),
(94, 'BURG-REULAND'),
(95, 'BUTGENBACH'),
(96, 'CELLES'),
(97, 'CERFONTAINE'),
(98, 'CHAPELLE-LEZ-HERLAIMONT'),
(99, 'CHARLEROI'),
(100, 'CHASTRE'),
(101, 'CHÂTELET'),
(102, 'CHAUDFONTAINE'),
(103, 'CHAUMONT-GISTOUX'),
(104, 'CHIÈVRES'),
(105, 'CHIMAY'),
(106, 'CHINY'),
(107, 'CINEY'),
(108, 'CLAVIER'),
(109, 'COLFONTAINE'),
(110, 'COMBLAIN-AU-PONT'),
(111, 'COMINES-WARNETON'),
(112, 'COURCELLES'),
(113, 'COURT-SAINT-ETIENNE'),
(114, 'COUVIN'),
(115, 'CRISNÉE'),
(116, 'DALHEM'),
(117, 'DAMME'),
(118, 'DAVERDISSE'),
(119, 'DE HAAN'),
(120, 'DE PANNE'),
(121, 'DE PINTE'),
(122, 'DEERLIJK'),
(123, 'DEINZE'),
(124, 'DENDERLEEUW'),
(125, 'DENDERMONDE'),
(126, 'DENTERGEM'),
(127, 'DESSEL'),
(128, 'DESTELBERGEN'),
(129, 'DIEPENBEEK'),
(130, 'DIEST'),
(131, 'DIKSMUIDE'),
(132, 'DILBEEK'),
(133, 'DILSEN-STOKKEM'),
(134, 'DINANT'),
(135, 'DISON'),
(136, 'DOISCHE'),
(137, 'DONCEEL'),
(138, 'DOUR'),
(139, 'DROGENBOS'),
(140, 'DUFFEL'),
(141, 'DURBUY'),
(142, 'ECAUSSINNES'),
(143, 'EDEGEM'),
(144, 'EEKLO'),
(145, 'EGHEZÉE'),
(146, 'ELLEZELLES'),
(147, 'ENGHIEN'),
(148, 'ENGIS'),
(149, 'EREZÉE'),
(150, 'ERPE-MERE'),
(151, 'ERQUELINNES'),
(152, 'ESNEUX'),
(153, 'ESPIERRES-HELCHIN'),
(154, 'ESSEN'),
(155, 'ESTAIMPUIS'),
(156, 'ESTINNES'),
(157, 'ETALLE'),
(158, 'ETTERBEEK'),
(159, 'EUPEN'),
(160, 'EVERE'),
(161, 'EVERGEM'),
(162, 'FAIMES'),
(163, 'FARCIENNES'),
(164, 'FAUVILLERS'),
(165, 'FERNELMONT'),
(166, 'FERRIÈRES'),
(167, 'FEXHE-LE-HAUT-CLOCHER'),
(168, 'FLÉMALLE'),
(169, 'FLÉRON'),
(170, 'FLEURUS'),
(171, 'FLOBECQ'),
(172, 'FLOREFFE'),
(173, 'FLORENNES'),
(174, 'FLORENVILLE'),
(175, 'FONTAINE-L\'EVÊQUE'),
(176, 'FOREST'),
(177, 'FOSSES-LA-VILLE'),
(178, 'FOURONS'),
(179, 'FRAMERIES'),
(180, 'FRASNES-LEZ-ANVAING'),
(181, 'FROIDCHAPELLE'),
(182, 'GALMAARDEN'),
(183, 'GANSHOREN'),
(184, 'GAVERE'),
(185, 'GEDINNE'),
(186, 'GEEL'),
(187, 'GEER'),
(188, 'GEETBETS'),
(189, 'GEMBLOUX'),
(190, 'GENAPPE'),
(191, 'GENK'),
(192, 'GENT'),
(193, 'GERAARDSBERGEN'),
(194, 'GERPINNES'),
(195, 'GESVES'),
(196, 'GINGELOM'),
(197, 'GISTEL'),
(198, 'GLABBEEK'),
(199, 'GOOIK'),
(200, 'GOUVY'),
(201, 'GRÂCE-HOLLOGNE'),
(202, 'GREZ-DOICEAU'),
(203, 'GRIMBERGEN'),
(204, 'GROBBENDONK'),
(205, 'HAACHT'),
(206, 'HAALTERT'),
(207, 'HABAY'),
(208, 'HALEN'),
(209, 'HALLE'),
(210, 'HAM'),
(211, 'HAM-SUR-HEURE'),
(212, 'HAMME'),
(213, 'HAMOIR'),
(214, 'HAMOIS'),
(215, 'HAMONT-ACHEL'),
(216, 'HANNUT'),
(217, 'HARELBEKE'),
(218, 'HASSELT'),
(219, 'HASTIÈRE'),
(220, 'HAVELANGE'),
(221, 'HECHTEL-EKSEL'),
(222, 'HEERS'),
(223, 'HEIST-OP-DEN-BERG'),
(224, 'HÉLÉCINE'),
(225, 'HEMIKSEM'),
(226, 'HENSIES'),
(227, 'HERBEUMONT'),
(228, 'HERENT'),
(229, 'HERENTALS'),
(230, 'HERENTHOUT'),
(231, 'HERK-DE-STAD'),
(232, 'HERNE'),
(233, 'HÉRON'),
(234, 'HERSELT'),
(235, 'HERSTAL'),
(236, 'HERSTAPPE'),
(237, 'HERVE'),
(238, 'HERZELE'),
(239, 'HEUSDEN-ZOLDER'),
(240, 'HEUVELLAND'),
(241, 'HOEGAARDEN'),
(242, 'HOEILAART'),
(243, 'HOESELT'),
(244, 'HOLSBEEK'),
(245, 'HONNELLES'),
(246, 'HOOGLEDE'),
(247, 'HOOGSTRATEN'),
(248, 'HOREBEKE'),
(249, 'HOTTON'),
(250, 'HOUFFALIZE'),
(251, 'HOUTHALEN-HELCHTEREN'),
(252, 'HOUTHULST'),
(253, 'HOUYET'),
(254, 'HOVE'),
(255, 'HULDENBERG'),
(256, 'HULSHOUT'),
(257, 'HUY'),
(258, 'ICHTEGEM'),
(259, 'IEPER'),
(260, 'INCOURT'),
(261, 'INGELMUNSTER'),
(262, 'ITTRE'),
(263, 'IXELLES'),
(264, 'IZEGEM'),
(265, 'JABBEKE'),
(266, 'JALHAY'),
(267, 'JEMEPPE-SUR-SAMBRE'),
(268, 'JETTE'),
(269, 'JODOIGNE'),
(270, 'JUPRELLE'),
(271, 'JURBISE'),
(272, 'KALMTHOUT'),
(273, 'KAMPENHOUT'),
(274, 'KAPELLE-OP-DEN-BOS'),
(275, 'KAPELLEN'),
(276, 'KAPRIJKE'),
(277, 'KASTERLEE'),
(278, 'KEERBERGEN'),
(279, 'KINROOI'),
(280, 'KLUISBERGEN'),
(281, 'KNOKKE-HEIST'),
(282, 'KOEKELARE'),
(283, 'KOEKELBERG'),
(284, 'KOKSIJDE'),
(285, 'KONTICH'),
(286, 'KORTEMARK'),
(287, 'KORTENAKEN'),
(288, 'KORTENBERG'),
(289, 'KORTESSEM'),
(290, 'KORTRIJK'),
(291, 'KRAAINEM'),
(292, 'KRUIBEKE'),
(293, 'KRUISEM'),
(294, 'KUURNE'),
(295, 'LA BRUYÈRE'),
(296, 'LA CALAMINE'),
(297, 'LA HULPE'),
(298, 'LA LOUVIÈRE'),
(299, 'LA ROCHE-EN-ARDENNE'),
(300, 'LAAKDAL'),
(301, 'LAARNE'),
(302, 'LANAKEN'),
(303, 'LANDEN'),
(304, 'LANGEMARK-POELKAPELLE'),
(305, 'LASNE'),
(306, 'LE ROEULX'),
(307, 'LEBBEKE'),
(308, 'LEDE'),
(309, 'LEDEGEM'),
(310, 'LÉGLISE'),
(311, 'LENDELEDE'),
(312, 'LENNIK'),
(313, 'LENS'),
(314, 'LEOPOLDSBURG'),
(315, 'LES BONS VILLERS'),
(316, 'LESSINES'),
(317, 'LEUVEN'),
(318, 'LEUZE-EN-HAINAUT'),
(319, 'LIBIN'),
(320, 'LIBRAMONT-CHEVIGNY'),
(321, 'LICHTERVELDE'),
(322, 'LIEDEKERKE'),
(323, 'LIÈGE'),
(324, 'LIER'),
(325, 'LIERDE'),
(326, 'LIERNEUX'),
(327, 'LIEVEGEM'),
(328, 'LILLE'),
(329, 'LIMBOURG'),
(330, 'LINCENT'),
(331, 'LINKEBEEK'),
(332, 'LINT'),
(333, 'LINTER'),
(334, 'LO-RENINGE'),
(335, 'LOBBES'),
(336, 'LOCHRISTI'),
(337, 'LOKEREN'),
(338, 'LOMMEL'),
(339, 'LONDERZEEL'),
(340, 'LONTZEN'),
(341, 'LUBBEEK'),
(342, 'LUMMEN'),
(343, 'MAARKEDAL'),
(344, 'MAASEIK'),
(345, 'MAASMECHELEN'),
(346, 'MACHELEN'),
(347, 'MALDEGEM'),
(348, 'MALLE'),
(349, 'MALMEDY'),
(350, 'MANAGE'),
(351, 'MANHAY'),
(352, 'MARCHE-EN-FAMENNE'),
(353, 'MARCHIN'),
(354, 'MARTELANGE'),
(355, 'MECHELEN'),
(356, 'MEERHOUT'),
(357, 'MEISE'),
(358, 'MEIX-DEVANT-VIRTON'),
(359, 'MELLE'),
(360, 'MENEN'),
(361, 'MERBES-LE-CHÂTEAU'),
(362, 'MERCHTEM'),
(363, 'MERELBEKE'),
(364, 'MERKSPLAS'),
(365, 'MESSANCY'),
(366, 'MESSINES'),
(367, 'METTET'),
(368, 'MEULEBEKE'),
(369, 'MIDDELKERKE'),
(370, 'MODAVE'),
(371, 'MOERBEKE-WAAS'),
(372, 'MOL'),
(373, 'MOLENBEEK-SAINT-JEAN'),
(374, 'MOMIGNIES'),
(375, 'MONS'),
(376, 'MONT-DE-L\'ENCLUS'),
(377, 'MONT-SAINT-GUIBERT'),
(378, 'MONTIGNY-LE-TILLEUL'),
(379, 'MOORSLEDE'),
(380, 'MORLANWELZ'),
(381, 'MORTSEL'),
(382, 'MOUSCRON'),
(383, 'MUSSON'),
(384, 'NAMUR'),
(385, 'NANDRIN'),
(386, 'NASSOGNE'),
(387, 'NAZARETH'),
(388, 'NEUFCHÂTEAU'),
(389, 'NEUPRÉ'),
(390, 'NIEL'),
(391, 'NIEUWERKERKEN'),
(392, 'NIEUWPOORT'),
(393, 'NIJLEN'),
(394, 'NINOVE'),
(395, 'NIVELLES'),
(396, 'OHEY'),
(397, 'OLEN'),
(398, 'OLNE'),
(399, 'ONHAYE'),
(400, 'OOSTENDE'),
(401, 'OOSTERZELE'),
(402, 'OOSTKAMP'),
(403, 'OOSTROZEBEKE'),
(404, 'OPWIJK'),
(405, 'OREYE'),
(406, 'ORP-JAUCHE'),
(407, 'OTTIGNIES-LOUVAIN-LA-NEUVE'),
(408, 'OUD-HEVERLEE'),
(409, 'OUD-TURNHOUT'),
(410, 'OUDENAARDE'),
(411, 'OUDENBURG'),
(412, 'OUDSBERGEN'),
(413, 'OUFFET'),
(414, 'OUPEYE'),
(415, 'OVERIJSE'),
(416, 'PALISEUL'),
(417, 'PECQ'),
(418, 'PEER'),
(419, 'PELT'),
(420, 'PEPINGEN'),
(421, 'PEPINSTER'),
(422, 'PÉRUWELZ'),
(423, 'PERWEZ'),
(424, 'PHILIPPEVILLE'),
(425, 'PITTEM'),
(426, 'PLOMBIÈRES'),
(427, 'PONT-À-CELLES'),
(428, 'POPERINGE'),
(429, 'PROFONDEVILLE'),
(430, 'PUTTE'),
(431, 'PUURS-SINT-AMANDS'),
(432, 'QUAREGNON'),
(433, 'QUÉVY'),
(434, 'QUIÉVRAIN'),
(435, 'RAEREN'),
(436, 'RAMILLIES'),
(437, 'RANST'),
(438, 'RAVELS'),
(439, 'REBECQ'),
(440, 'REMICOURT'),
(441, 'RENAIX'),
(442, 'RENDEUX'),
(443, 'RETIE'),
(444, 'RHODE-SAINT-GENÈSE'),
(445, 'RIEMST'),
(446, 'RIJKEVORSEL'),
(447, 'RIXENSART'),
(448, 'ROCHEFORT'),
(449, 'ROESELARE'),
(450, 'ROOSDAAL'),
(451, 'ROTSELAAR'),
(452, 'ROUVROY'),
(453, 'RUISELEDE'),
(454, 'RUMES'),
(455, 'RUMST'),
(456, 'SAINT-GEORGES-SUR-MEUSE'),
(457, 'SAINT-GHISLAIN'),
(458, 'SAINT-GILLES'),
(459, 'SAINT-HUBERT'),
(460, 'SAINT-JOSSE-TEN-NOODE'),
(461, 'SAINT-LÉGER'),
(462, 'SAINT-NICOLAS'),
(463, 'SAINT-VITH'),
(464, 'SAINTE-ODE'),
(465, 'SAMBREVILLE'),
(466, 'SCHAERBEEK'),
(467, 'SCHELLE'),
(468, 'SCHERPENHEUVEL-ZICHEM'),
(469, 'SCHILDE'),
(470, 'SCHOTEN'),
(471, 'SENEFFE'),
(472, 'SERAING'),
(473, 'SILLY'),
(474, 'SINT-GILLIS-WAAS'),
(475, 'SINT-KATELIJNE-WAVER'),
(476, 'SINT-LAUREINS'),
(477, 'SINT-LIEVENS-HOUTEM'),
(478, 'SINT-MARTENS-LATEM'),
(479, 'SINT-NIKLAAS'),
(480, 'SINT-PIETERS-LEEUW'),
(481, 'SINT-TRUIDEN'),
(482, 'SIVRY-RANCE'),
(483, 'SOIGNIES'),
(484, 'SOMBREFFE'),
(485, 'SOMME-LEUZE'),
(486, 'SOUMAGNE'),
(487, 'SPA'),
(488, 'SPRIMONT'),
(489, 'STABROEK'),
(490, 'STADEN'),
(491, 'STAVELOT'),
(492, 'STEENOKKERZEEL'),
(493, 'STEKENE'),
(494, 'STOUMONT'),
(495, 'TELLIN'),
(496, 'TEMSE'),
(497, 'TENNEVILLE'),
(498, 'TERNAT'),
(499, 'TERVUREN'),
(500, 'TESSENDERLO'),
(501, 'THEUX'),
(502, 'THIMISTER-CLERMONT'),
(503, 'THUIN'),
(504, 'TIELT'),
(505, 'TIELT-WINGE'),
(506, 'TIENEN'),
(507, 'TINLOT'),
(508, 'TINTIGNY'),
(509, 'TONGEREN'),
(510, 'TORHOUT'),
(511, 'TOURNAI'),
(512, 'TREMELO'),
(513, 'TROIS-PONTS'),
(514, 'TROOZ'),
(515, 'TUBIZE'),
(516, 'TURNHOUT'),
(517, 'UCCLE'),
(518, 'VAUX-SUR-SÛRE'),
(519, 'VERLAINE'),
(520, 'VERVIERS'),
(521, 'VEURNE'),
(522, 'VIELSALM'),
(523, 'VILLERS-LA-VILLE'),
(524, 'VILLERS-LE-BOUILLET'),
(525, 'VILVOORDE'),
(526, 'VIROINVAL'),
(527, 'VIRTON'),
(528, 'VISÉ'),
(529, 'VLETEREN'),
(530, 'VORSELAAR'),
(531, 'VOSSELAAR'),
(532, 'VRESSE-SUR-SEMOIS'),
(533, 'WAASMUNSTER'),
(534, 'WACHTEBEKE'),
(535, 'WAIMES'),
(536, 'WALCOURT'),
(537, 'WALHAIN'),
(538, 'WANZE'),
(539, 'WAREGEM'),
(540, 'WAREMME'),
(541, 'WASSEIGES'),
(542, 'WATERLOO'),
(543, 'WATERMAEL-BOITSFORT'),
(544, 'WAVRE'),
(545, 'WELKENRAEDT'),
(546, 'WELLEN'),
(547, 'WELLIN'),
(548, 'WEMMEL'),
(549, 'WERVIK'),
(550, 'WESTERLO'),
(551, 'WETTEREN'),
(552, 'WEVELGEM'),
(553, 'WEZEMBEEK-OPPEM'),
(554, 'WICHELEN'),
(555, 'WIELSBEKE'),
(556, 'WIJNEGEM'),
(557, 'WILLEBROEK'),
(558, 'WINGENE'),
(559, 'WOLUWE-SAINT-LAMBERT'),
(560, 'WOLUWE-SAINT-PIERRE'),
(561, 'WOMMELGEM'),
(562, 'WORTEGEM-PETEGEM'),
(563, 'WUUSTWEZEL'),
(564, 'YVOIR'),
(565, 'ZANDHOVEN'),
(566, 'ZAVENTEM'),
(567, 'ZEDELGEM'),
(568, 'ZELE'),
(569, 'ZELZATE'),
(570, 'ZEMST'),
(571, 'ZOERSEL'),
(572, 'ZONHOVEN'),
(573, 'ZONNEBEKE'),
(574, 'ZOTTEGEM'),
(575, 'ZOUTLEEUW'),
(576, 'ZUIENKERKE'),
(577, 'ZULTE'),
(578, 'ZUTENDAAL'),
(579, 'ZWALM'),
(580, 'ZWEVEGEM'),
(581, 'ZWIJNDRECHT');

-- --------------------------------------------------------

--
-- Structure de la table `newsletter`
--

CREATE TABLE IF NOT EXISTS `newsletter` (
  `id` int NOT NULL AUTO_INCREMENT,
  `published_at` datetime NOT NULL,
  `title` varchar(255) COLLATE utf8mb4_unicode_ci NOT NULL,
  `pdfdocument` varchar(255) COLLATE utf8mb4_unicode_ci NOT NULL,
  PRIMARY KEY (`id`)
) ENGINE=InnoDB DEFAULT CHARSET=utf8mb4 COLLATE=utf8mb4_unicode_ci;

-- --------------------------------------------------------

--
-- Structure de la table `post_code`
--

CREATE TABLE IF NOT EXISTS `post_code` (
  `id` int NOT NULL AUTO_INCREMENT,
  `municipality_id` int NOT NULL,
  `post_code` varchar(16) COLLATE utf8mb4_unicode_ci NOT NULL,
  PRIMARY KEY (`id`),
  KEY `IDX_BE405793AE6F181C` (`municipality_id`)
) ENGINE=InnoDB AUTO_INCREMENT=1147 DEFAULT CHARSET=utf8mb4 COLLATE=utf8mb4_unicode_ci;

--
-- Déchargement des données de la table `post_code`
--

INSERT INTO `post_code` (`id`, `municipality_id`, `post_code`) VALUES
(1, 90, '1000'),
(2, 90, '1020'),
(3, 466, '1030'),
(4, 158, '1040'),
(5, 263, '1050'),
(6, 458, '1060'),
(7, 12, '1070'),
(8, 373, '1080'),
(9, 283, '1081'),
(10, 49, '1082'),
(11, 183, '1083'),
(12, 268, '1090'),
(13, 90, '1120'),
(14, 90, '1130'),
(15, 160, '1140'),
(16, 560, '1150'),
(17, 31, '1160'),
(18, 543, '1170'),
(19, 517, '1180'),
(20, 176, '1190'),
(21, 559, '1200'),
(22, 460, '1210'),
(23, 544, '1300'),
(24, 544, '1301'),
(25, 297, '1310'),
(26, 260, '1315'),
(27, 42, '1320'),
(28, 103, '1325'),
(29, 447, '1330'),
(30, 447, '1331'),
(31, 447, '1332'),
(32, 407, '1340'),
(33, 407, '1341'),
(34, 407, '1342'),
(35, 407, '1348'),
(36, 406, '1350'),
(37, 224, '1357'),
(38, 423, '1360'),
(39, 436, '1367'),
(40, 269, '1370'),
(41, 305, '1380'),
(42, 202, '1390'),
(43, 395, '1400'),
(44, 395, '1401'),
(45, 395, '1402'),
(46, 395, '1404'),
(47, 542, '1410'),
(48, 78, '1420'),
(49, 78, '1421'),
(50, 78, '1428'),
(51, 439, '1430'),
(52, 377, '1435'),
(53, 79, '1440'),
(54, 100, '1450'),
(55, 537, '1457'),
(56, 262, '1460'),
(57, 262, '1461'),
(58, 190, '1470'),
(59, 190, '1471'),
(60, 190, '1472'),
(61, 190, '1473'),
(62, 190, '1474'),
(63, 190, '1476'),
(64, 515, '1480'),
(65, 113, '1490'),
(66, 523, '1495'),
(67, 209, '1500'),
(68, 209, '1501'),
(69, 209, '1502'),
(70, 232, '1540'),
(71, 232, '1541'),
(72, 61, '1547'),
(73, 242, '1560'),
(74, 182, '1570'),
(75, 480, '1600'),
(76, 480, '1601'),
(77, 480, '1602'),
(78, 139, '1620'),
(79, 331, '1630'),
(80, 444, '1640'),
(81, 45, '1650'),
(82, 45, '1651'),
(83, 45, '1652'),
(84, 45, '1653'),
(85, 45, '1654'),
(86, 420, '1670'),
(87, 420, '1671'),
(88, 420, '1673'),
(89, 420, '1674'),
(90, 132, '1700'),
(91, 132, '1701'),
(92, 132, '1702'),
(93, 132, '1703'),
(94, 24, '1730'),
(95, 24, '1731'),
(96, 498, '1740'),
(97, 498, '1741'),
(98, 498, '1742'),
(99, 404, '1745'),
(100, 312, '1750'),
(101, 199, '1755'),
(102, 450, '1760'),
(103, 450, '1761'),
(104, 322, '1770'),
(105, 548, '1780'),
(106, 362, '1785'),
(107, 5, '1790'),
(108, 525, '1800'),
(109, 492, '1820'),
(110, 346, '1830'),
(111, 346, '1831'),
(112, 339, '1840'),
(113, 203, '1850'),
(114, 203, '1851'),
(115, 203, '1852'),
(116, 203, '1853'),
(117, 357, '1860'),
(118, 357, '1861'),
(119, 274, '1880'),
(120, 273, '1910'),
(121, 566, '1930'),
(122, 566, '1932'),
(123, 566, '1933'),
(124, 291, '1950'),
(125, 553, '1970'),
(126, 570, '1980'),
(127, 570, '1981'),
(128, 570, '1982'),
(129, 18, '2000'),
(130, 18, '2018'),
(131, 18, '2020'),
(132, 18, '2030'),
(133, 18, '2040'),
(134, 18, '2050'),
(135, 18, '2060'),
(136, 581, '2070'),
(137, 18, '2100'),
(138, 556, '2110'),
(139, 18, '2140'),
(140, 74, '2150'),
(141, 561, '2160'),
(142, 18, '2170'),
(143, 18, '2180'),
(144, 229, '2200'),
(145, 223, '2220'),
(146, 223, '2221'),
(147, 223, '2222'),
(148, 223, '2223'),
(149, 234, '2230'),
(150, 256, '2235'),
(151, 565, '2240'),
(152, 565, '2242'),
(153, 565, '2243'),
(154, 397, '2250'),
(155, 550, '2260'),
(156, 230, '2270'),
(157, 328, '2275'),
(158, 204, '2280'),
(159, 204, '2288'),
(160, 530, '2290'),
(161, 516, '2300'),
(162, 446, '2310'),
(163, 247, '2320'),
(164, 247, '2321'),
(165, 247, '2322'),
(166, 247, '2323'),
(167, 247, '2328'),
(168, 364, '2330'),
(169, 44, '2340'),
(170, 531, '2350'),
(171, 409, '2360'),
(172, 21, '2370'),
(173, 438, '2380'),
(174, 438, '2381'),
(175, 438, '2382'),
(176, 35, '2387'),
(177, 348, '2390'),
(178, 372, '2400'),
(179, 300, '2430'),
(180, 300, '2431'),
(181, 186, '2440'),
(182, 356, '2450'),
(183, 277, '2460'),
(184, 443, '2470'),
(185, 127, '2480'),
(186, 37, '2490'),
(187, 37, '2491'),
(188, 324, '2500'),
(189, 437, '2520'),
(190, 68, '2530'),
(191, 68, '2531'),
(192, 254, '2540'),
(193, 332, '2547'),
(194, 285, '2550'),
(195, 393, '2560'),
(196, 140, '2570'),
(197, 430, '2580'),
(198, 51, '2590'),
(199, 18, '2600'),
(200, 18, '2610'),
(201, 225, '2620'),
(202, 467, '2627'),
(203, 4, '2630'),
(204, 381, '2640'),
(205, 143, '2650'),
(206, 18, '2660'),
(207, 355, '2800'),
(208, 355, '2801'),
(209, 355, '2811'),
(210, 355, '2812'),
(211, 69, '2820'),
(212, 557, '2830'),
(213, 455, '2840'),
(214, 390, '2845'),
(215, 70, '2850'),
(216, 475, '2860'),
(217, 475, '2861'),
(218, 431, '2870'),
(219, 73, '2880'),
(220, 431, '2890'),
(221, 470, '2900'),
(222, 154, '2910'),
(223, 272, '2920'),
(224, 83, '2930'),
(225, 489, '2940'),
(226, 275, '2950'),
(227, 84, '2960'),
(228, 469, '2970'),
(229, 571, '2980'),
(230, 563, '2990'),
(231, 317, '3000'),
(232, 317, '3001'),
(233, 317, '3010'),
(234, 317, '3012'),
(235, 317, '3018'),
(236, 228, '3020'),
(237, 255, '3040'),
(238, 408, '3050'),
(239, 408, '3051'),
(240, 408, '3052'),
(241, 408, '3053'),
(242, 408, '3054'),
(243, 55, '3060'),
(244, 55, '3061'),
(245, 288, '3070'),
(246, 288, '3071'),
(247, 288, '3078'),
(248, 499, '3080'),
(249, 415, '3090'),
(250, 451, '3110'),
(251, 451, '3111'),
(252, 451, '3118'),
(253, 512, '3120'),
(254, 512, '3128'),
(255, 46, '3130'),
(256, 278, '3140'),
(257, 205, '3150'),
(258, 71, '3190'),
(259, 71, '3191'),
(260, 3, '3200'),
(261, 3, '3201'),
(262, 3, '3202'),
(263, 341, '3210'),
(264, 341, '3211'),
(265, 341, '3212'),
(266, 244, '3220'),
(267, 244, '3221'),
(268, 468, '3270'),
(269, 468, '3271'),
(270, 468, '3272'),
(271, 130, '3290'),
(272, 130, '3293'),
(273, 130, '3294'),
(274, 506, '3300'),
(275, 241, '3320'),
(276, 241, '3321'),
(277, 333, '3350'),
(278, 60, '3360'),
(279, 77, '3370'),
(280, 198, '3380'),
(281, 198, '3381'),
(282, 198, '3384'),
(283, 505, '3390'),
(284, 505, '3391'),
(285, 303, '3400'),
(286, 303, '3401'),
(287, 303, '3404'),
(288, 575, '3440'),
(289, 188, '3450'),
(290, 188, '3454'),
(291, 47, '3460'),
(292, 47, '3461'),
(293, 287, '3470'),
(294, 287, '3471'),
(295, 287, '3472'),
(296, 287, '3473'),
(297, 218, '3500'),
(298, 218, '3501'),
(299, 218, '3510'),
(300, 218, '3511'),
(301, 218, '3512'),
(302, 572, '3520'),
(303, 251, '3530'),
(304, 231, '3540'),
(305, 208, '3545'),
(306, 239, '3550'),
(307, 342, '3560'),
(308, 7, '3570'),
(309, 50, '3580'),
(310, 50, '3581'),
(311, 50, '3582'),
(312, 50, '3583'),
(313, 129, '3590'),
(314, 191, '3600'),
(315, 302, '3620'),
(316, 302, '3621'),
(317, 345, '3630'),
(318, 345, '3631'),
(319, 279, '3640'),
(320, 133, '3650'),
(321, 412, '3660'),
(322, 23, '3665'),
(323, 23, '3668'),
(324, 412, '3670'),
(325, 344, '3680'),
(326, 578, '3690'),
(327, 509, '3700'),
(328, 236, '3717'),
(329, 289, '3720'),
(330, 289, '3721'),
(331, 289, '3722'),
(332, 289, '3723'),
(333, 289, '3724'),
(334, 243, '3730'),
(335, 243, '3732'),
(336, 63, '3740'),
(337, 63, '3742'),
(338, 63, '3746'),
(339, 445, '3770'),
(340, 178, '3790'),
(341, 178, '3791'),
(342, 178, '3792'),
(343, 178, '3793'),
(344, 178, '3798'),
(345, 481, '3800'),
(346, 481, '3803'),
(347, 481, '3806'),
(348, 546, '3830'),
(349, 546, '3831'),
(350, 546, '3832'),
(351, 72, '3840'),
(352, 391, '3850'),
(353, 222, '3870'),
(354, 196, '3890'),
(355, 196, '3891'),
(356, 419, '3900'),
(357, 419, '3910'),
(358, 338, '3920'),
(359, 215, '3930'),
(360, 221, '3940'),
(361, 221, '3941'),
(362, 210, '3945'),
(363, 67, '3950'),
(364, 86, '3960'),
(365, 314, '3970'),
(366, 314, '3971'),
(367, 500, '3980'),
(368, 418, '3990'),
(369, 323, '4000'),
(370, 323, '4020'),
(371, 323, '4030'),
(372, 323, '4031'),
(373, 323, '4032'),
(374, 235, '4040'),
(375, 235, '4041'),
(376, 235, '4042'),
(377, 102, '4050'),
(378, 102, '4051'),
(379, 102, '4052'),
(380, 102, '4053'),
(381, 472, '4100'),
(382, 472, '4101'),
(383, 472, '4102'),
(384, 389, '4120'),
(385, 389, '4121'),
(386, 389, '4122'),
(387, 152, '4130'),
(388, 488, '4140'),
(389, 488, '4141'),
(390, 16, '4160'),
(391, 16, '4161'),
(392, 16, '4162'),
(393, 16, '4163'),
(394, 110, '4170'),
(395, 110, '4171'),
(396, 213, '4180'),
(397, 213, '4181'),
(398, 166, '4190'),
(399, 93, '4210'),
(400, 233, '4217'),
(401, 233, '4218'),
(402, 541, '4219'),
(403, 187, '4250'),
(404, 187, '4252'),
(405, 187, '4253'),
(406, 187, '4254'),
(407, 53, '4257'),
(408, 81, '4260'),
(409, 81, '4261'),
(410, 81, '4263'),
(411, 216, '4280'),
(412, 330, '4287'),
(413, 540, '4300'),
(414, 162, '4317'),
(415, 33, '4340'),
(416, 33, '4342'),
(417, 167, '4347'),
(418, 440, '4350'),
(419, 440, '4351'),
(420, 137, '4357'),
(421, 405, '4360'),
(422, 115, '4367'),
(423, 168, '4400'),
(424, 462, '4420'),
(425, 15, '4430'),
(426, 15, '4431'),
(427, 15, '4432'),
(428, 270, '4450'),
(429, 270, '4451'),
(430, 270, '4452'),
(431, 270, '4453'),
(432, 270, '4458'),
(433, 201, '4460'),
(434, 456, '4470'),
(435, 148, '4480'),
(436, 257, '4500'),
(437, 538, '4520'),
(438, 524, '4530'),
(439, 519, '4537'),
(440, 9, '4540'),
(441, 385, '4550'),
(442, 507, '4557'),
(443, 108, '4560'),
(444, 353, '4570'),
(445, 370, '4577'),
(446, 413, '4590'),
(447, 528, '4600'),
(448, 528, '4601'),
(449, 528, '4602'),
(450, 116, '4606'),
(451, 116, '4607'),
(452, 116, '4608'),
(453, 59, '4610'),
(454, 169, '4620'),
(455, 169, '4621'),
(456, 169, '4623'),
(457, 169, '4624'),
(458, 486, '4630'),
(459, 486, '4631'),
(460, 486, '4632'),
(461, 486, '4633'),
(462, 237, '4650'),
(463, 237, '4651'),
(464, 237, '4652'),
(465, 237, '4653'),
(466, 237, '4654'),
(467, 66, '4670'),
(468, 66, '4671'),
(469, 66, '4672'),
(470, 414, '4680'),
(471, 414, '4681'),
(472, 414, '4682'),
(473, 414, '4683'),
(474, 414, '4684'),
(475, 38, '4690'),
(476, 159, '4700'),
(477, 159, '4701'),
(478, 340, '4710'),
(479, 340, '4711'),
(480, 296, '4720'),
(481, 296, '4721'),
(482, 296, '4728'),
(483, 435, '4730'),
(484, 435, '4731'),
(485, 95, '4750'),
(486, 92, '4760'),
(487, 92, '4761'),
(488, 10, '4770'),
(489, 10, '4771'),
(490, 463, '4780'),
(491, 463, '4782'),
(492, 463, '4783'),
(493, 463, '4784'),
(494, 94, '4790'),
(495, 94, '4791'),
(496, 520, '4800'),
(497, 520, '4801'),
(498, 520, '4802'),
(499, 135, '4820'),
(500, 135, '4821'),
(501, 329, '4830'),
(502, 329, '4831'),
(503, 329, '4834'),
(504, 36, '4837'),
(505, 545, '4840'),
(506, 545, '4841'),
(507, 266, '4845'),
(508, 426, '4850'),
(509, 426, '4851'),
(510, 426, '4852'),
(511, 421, '4860'),
(512, 421, '4861'),
(513, 514, '4870'),
(514, 398, '4877'),
(515, 30, '4880'),
(516, 502, '4890'),
(517, 487, '4900'),
(518, 501, '4910'),
(519, 34, '4920'),
(520, 535, '4950'),
(521, 349, '4960'),
(522, 491, '4970'),
(523, 513, '4980'),
(524, 513, '4983'),
(525, 494, '4987'),
(526, 326, '4990'),
(527, 384, '5000'),
(528, 384, '5001'),
(529, 384, '5002'),
(530, 384, '5003'),
(531, 384, '5004'),
(532, 384, '5020'),
(533, 384, '5021'),
(534, 384, '5022'),
(535, 384, '5024'),
(536, 189, '5030'),
(537, 189, '5031'),
(538, 189, '5032'),
(539, 465, '5060'),
(540, 177, '5070'),
(541, 295, '5080'),
(542, 295, '5081'),
(543, 384, '5100'),
(544, 384, '5101'),
(545, 484, '5140'),
(546, 172, '5150'),
(547, 429, '5170'),
(548, 267, '5190'),
(549, 11, '5300'),
(550, 145, '5310'),
(551, 26, '5330'),
(552, 26, '5332'),
(553, 26, '5333'),
(554, 26, '5334'),
(555, 26, '5336'),
(556, 195, '5340'),
(557, 396, '5350'),
(558, 396, '5351'),
(559, 396, '5352'),
(560, 396, '5353'),
(561, 396, '5354'),
(562, 214, '5360'),
(563, 214, '5361'),
(564, 214, '5362'),
(565, 214, '5363'),
(566, 214, '5364'),
(567, 220, '5370'),
(568, 220, '5372'),
(569, 220, '5374'),
(570, 220, '5376'),
(571, 485, '5377'),
(572, 165, '5380'),
(573, 134, '5500'),
(574, 134, '5501'),
(575, 134, '5502'),
(576, 134, '5503'),
(577, 134, '5504'),
(578, 399, '5520'),
(579, 399, '5521'),
(580, 399, '5522'),
(581, 399, '5523'),
(582, 399, '5524'),
(583, 564, '5530'),
(584, 14, '5537'),
(585, 219, '5540'),
(586, 219, '5541'),
(587, 219, '5542'),
(588, 219, '5543'),
(589, 219, '5544'),
(590, 532, '5550'),
(591, 62, '5555'),
(592, 253, '5560'),
(593, 253, '5561'),
(594, 253, '5562'),
(595, 253, '5563'),
(596, 253, '5564'),
(597, 41, '5570'),
(598, 41, '5571'),
(599, 41, '5572'),
(600, 41, '5573'),
(601, 41, '5574'),
(602, 185, '5575'),
(603, 41, '5576'),
(604, 448, '5580'),
(605, 107, '5590'),
(606, 424, '5600'),
(607, 173, '5620'),
(608, 173, '5621'),
(609, 97, '5630'),
(610, 367, '5640'),
(611, 367, '5641'),
(612, 367, '5644'),
(613, 367, '5646'),
(614, 536, '5650'),
(615, 536, '5651'),
(616, 114, '5660'),
(617, 526, '5670'),
(618, 136, '5680'),
(619, 99, '6000'),
(620, 99, '6001'),
(621, 99, '6010'),
(622, 99, '6020'),
(623, 99, '6030'),
(624, 99, '6031'),
(625, 99, '6032'),
(626, 99, '6040'),
(627, 99, '6041'),
(628, 99, '6042'),
(629, 99, '6043'),
(630, 99, '6044'),
(631, 99, '6060'),
(632, 99, '6061'),
(633, 378, '6110'),
(634, 378, '6111'),
(635, 211, '6120'),
(636, 175, '6140'),
(637, 175, '6141'),
(638, 175, '6142'),
(639, 13, '6150'),
(640, 112, '6180'),
(641, 112, '6181'),
(642, 112, '6182'),
(643, 112, '6183'),
(644, 101, '6200'),
(645, 315, '6210'),
(646, 315, '6211'),
(647, 170, '6220'),
(648, 170, '6221'),
(649, 170, '6222'),
(650, 170, '6223'),
(651, 170, '6224'),
(652, 427, '6230'),
(653, 427, '6238'),
(654, 163, '6240'),
(655, 6, '6250'),
(656, 194, '6280'),
(657, 181, '6440'),
(658, 181, '6441'),
(659, 105, '6460'),
(660, 105, '6461'),
(661, 105, '6462'),
(662, 105, '6463'),
(663, 105, '6464'),
(664, 482, '6470'),
(665, 40, '6500'),
(666, 40, '6511'),
(667, 503, '6530'),
(668, 503, '6531'),
(669, 503, '6532'),
(670, 503, '6533'),
(671, 503, '6534'),
(672, 503, '6536'),
(673, 335, '6540'),
(674, 335, '6542'),
(675, 335, '6543'),
(676, 151, '6560'),
(677, 361, '6567'),
(678, 374, '6590'),
(679, 374, '6591'),
(680, 374, '6592'),
(681, 374, '6593'),
(682, 374, '6594'),
(683, 374, '6596'),
(684, 39, '6600'),
(685, 354, '6630'),
(686, 164, '6637'),
(687, 518, '6640'),
(688, 518, '6642'),
(689, 250, '6660'),
(690, 250, '6661'),
(691, 250, '6662'),
(692, 250, '6663'),
(693, 250, '6666'),
(694, 200, '6670'),
(695, 200, '6671'),
(696, 200, '6672'),
(697, 200, '6673'),
(698, 200, '6674'),
(699, 464, '6680'),
(700, 464, '6681'),
(701, 56, '6686'),
(702, 56, '6687'),
(703, 56, '6688'),
(704, 522, '6690'),
(705, 522, '6692'),
(706, 522, '6698'),
(707, 22, '6700'),
(708, 22, '6704'),
(709, 22, '6706'),
(710, 28, '6717'),
(711, 207, '6720'),
(712, 207, '6721'),
(713, 207, '6723'),
(714, 207, '6724'),
(715, 508, '6730'),
(716, 157, '6740'),
(717, 157, '6741'),
(718, 157, '6742'),
(719, 157, '6743'),
(720, 461, '6747'),
(721, 383, '6750'),
(722, 527, '6760'),
(723, 527, '6761'),
(724, 527, '6762'),
(725, 452, '6767'),
(726, 358, '6769'),
(727, 365, '6780'),
(728, 365, '6781'),
(729, 365, '6782'),
(730, 29, '6790'),
(731, 29, '6791'),
(732, 29, '6792'),
(733, 320, '6800'),
(734, 106, '6810'),
(735, 106, '6811'),
(736, 106, '6812'),
(737, 106, '6813'),
(738, 174, '6820'),
(739, 174, '6821'),
(740, 174, '6823'),
(741, 174, '6824'),
(742, 75, '6830'),
(743, 75, '6831'),
(744, 75, '6832'),
(745, 75, '6833'),
(746, 75, '6834'),
(747, 75, '6836'),
(748, 75, '6838'),
(749, 388, '6840'),
(750, 416, '6850'),
(751, 416, '6851'),
(752, 416, '6852'),
(753, 416, '6853'),
(754, 416, '6856'),
(755, 310, '6860'),
(756, 459, '6870'),
(757, 57, '6880'),
(758, 227, '6887'),
(759, 319, '6890'),
(760, 352, '6900'),
(761, 547, '6920'),
(762, 547, '6921'),
(763, 547, '6922'),
(764, 547, '6924'),
(765, 495, '6927'),
(766, 118, '6929'),
(767, 141, '6940'),
(768, 141, '6941'),
(769, 386, '6950'),
(770, 386, '6951'),
(771, 386, '6952'),
(772, 386, '6953'),
(773, 351, '6960'),
(774, 497, '6970'),
(775, 497, '6971'),
(776, 497, '6972'),
(777, 299, '6980'),
(778, 299, '6982'),
(779, 299, '6983'),
(780, 299, '6984'),
(781, 299, '6986'),
(782, 442, '6987'),
(783, 249, '6990'),
(784, 149, '6997'),
(785, 375, '7000'),
(786, 375, '7011'),
(787, 375, '7012'),
(788, 375, '7020'),
(789, 375, '7021'),
(790, 375, '7022'),
(791, 375, '7024'),
(792, 375, '7030'),
(793, 375, '7031'),
(794, 375, '7032'),
(795, 375, '7033'),
(796, 375, '7034'),
(797, 433, '7040'),
(798, 433, '7041'),
(799, 271, '7050'),
(800, 483, '7060'),
(801, 483, '7061'),
(802, 483, '7062'),
(803, 483, '7063'),
(804, 306, '7070'),
(805, 179, '7080'),
(806, 80, '7090'),
(807, 298, '7100'),
(808, 298, '7110'),
(809, 156, '7120'),
(810, 64, '7130'),
(811, 64, '7131'),
(812, 64, '7133'),
(813, 64, '7134'),
(814, 380, '7140'),
(815, 380, '7141'),
(816, 98, '7160'),
(817, 350, '7170'),
(818, 471, '7180'),
(819, 471, '7181'),
(820, 142, '7190'),
(821, 142, '7191'),
(822, 76, '7300'),
(823, 76, '7301'),
(824, 54, '7320'),
(825, 54, '7321'),
(826, 54, '7322'),
(827, 457, '7330'),
(828, 457, '7331'),
(829, 457, '7332'),
(830, 457, '7333'),
(831, 457, '7334'),
(832, 109, '7340'),
(833, 226, '7350'),
(834, 138, '7370'),
(835, 434, '7380'),
(836, 434, '7382'),
(837, 245, '7387'),
(838, 432, '7390'),
(839, 511, '7500'),
(840, 511, '7501'),
(841, 511, '7502'),
(842, 511, '7503'),
(843, 511, '7504'),
(844, 511, '7506'),
(845, 511, '7520'),
(846, 511, '7521'),
(847, 511, '7522'),
(848, 511, '7530'),
(849, 511, '7531'),
(850, 511, '7532'),
(851, 511, '7533'),
(852, 511, '7534'),
(853, 511, '7536'),
(854, 511, '7538'),
(855, 511, '7540'),
(856, 511, '7542'),
(857, 511, '7543'),
(858, 511, '7548'),
(859, 422, '7600'),
(860, 422, '7601'),
(861, 422, '7602'),
(862, 422, '7603'),
(863, 422, '7604'),
(864, 422, '7608'),
(865, 454, '7610'),
(866, 454, '7611'),
(867, 454, '7618'),
(868, 89, '7620'),
(869, 89, '7621'),
(870, 89, '7622'),
(871, 89, '7623'),
(872, 89, '7624'),
(873, 17, '7640'),
(874, 17, '7641'),
(875, 17, '7642'),
(876, 17, '7643'),
(877, 382, '7700'),
(878, 382, '7711'),
(879, 382, '7712'),
(880, 155, '7730'),
(881, 417, '7740'),
(882, 417, '7742'),
(883, 417, '7743'),
(884, 376, '7750'),
(885, 96, '7760'),
(886, 111, '7780'),
(887, 111, '7781'),
(888, 111, '7782'),
(889, 111, '7783'),
(890, 111, '7784'),
(891, 27, '7800'),
(892, 27, '7801'),
(893, 27, '7802'),
(894, 27, '7803'),
(895, 27, '7804'),
(896, 27, '7810'),
(897, 27, '7811'),
(898, 27, '7812'),
(899, 27, '7822'),
(900, 27, '7823'),
(901, 473, '7830'),
(902, 147, '7850'),
(903, 316, '7860'),
(904, 316, '7861'),
(905, 316, '7862'),
(906, 316, '7863'),
(907, 316, '7864'),
(908, 316, '7866'),
(909, 313, '7870'),
(910, 171, '7880'),
(911, 146, '7890'),
(912, 318, '7900'),
(913, 318, '7901'),
(914, 318, '7903'),
(915, 318, '7904'),
(916, 318, '7906'),
(917, 180, '7910'),
(918, 180, '7911'),
(919, 180, '7912'),
(920, 87, '7940'),
(921, 87, '7941'),
(922, 87, '7942'),
(923, 87, '7943'),
(924, 104, '7950'),
(925, 104, '7951'),
(926, 48, '7970'),
(927, 48, '7971'),
(928, 48, '7972'),
(929, 48, '7973'),
(930, 88, '8000'),
(931, 402, '8020'),
(932, 88, '8200'),
(933, 567, '8210'),
(934, 567, '8211'),
(935, 281, '8300'),
(936, 281, '8301'),
(937, 88, '8310'),
(938, 117, '8340'),
(939, 65, '8370'),
(940, 576, '8377'),
(941, 88, '8380'),
(942, 400, '8400'),
(943, 119, '8420'),
(944, 119, '8421'),
(945, 369, '8430'),
(946, 369, '8431'),
(947, 369, '8432'),
(948, 369, '8433'),
(949, 369, '8434'),
(950, 85, '8450'),
(951, 411, '8460'),
(952, 197, '8470'),
(953, 258, '8480'),
(954, 265, '8490'),
(955, 290, '8500'),
(956, 290, '8501'),
(957, 290, '8510'),
(958, 290, '8511'),
(959, 294, '8520'),
(960, 217, '8530'),
(961, 217, '8531'),
(962, 122, '8540'),
(963, 580, '8550'),
(964, 580, '8551'),
(965, 580, '8552'),
(966, 580, '8553'),
(967, 580, '8554'),
(968, 552, '8560'),
(969, 19, '8570'),
(970, 19, '8572'),
(971, 19, '8573'),
(972, 32, '8580'),
(973, 32, '8581'),
(974, 32, '8582'),
(975, 32, '8583'),
(976, 153, '8587'),
(977, 131, '8600'),
(978, 286, '8610'),
(979, 392, '8620'),
(980, 521, '8630'),
(981, 529, '8640'),
(982, 334, '8647'),
(983, 252, '8650'),
(984, 120, '8660'),
(985, 284, '8670'),
(986, 282, '8680'),
(987, 8, '8690'),
(988, 8, '8691'),
(989, 504, '8700'),
(990, 555, '8710'),
(991, 126, '8720'),
(992, 43, '8730'),
(993, 425, '8740'),
(994, 558, '8750'),
(995, 453, '8755'),
(996, 368, '8760'),
(997, 261, '8770'),
(998, 403, '8780'),
(999, 539, '8790'),
(1000, 539, '8791'),
(1001, 539, '8792'),
(1002, 539, '8793'),
(1003, 449, '8800'),
(1004, 321, '8810'),
(1005, 510, '8820'),
(1006, 246, '8830'),
(1007, 490, '8840'),
(1008, 20, '8850'),
(1009, 20, '8851'),
(1010, 311, '8860'),
(1011, 264, '8870'),
(1012, 309, '8880'),
(1013, 379, '8890'),
(1014, 259, '8900'),
(1015, 259, '8902'),
(1016, 259, '8904'),
(1017, 259, '8906'),
(1018, 259, '8908'),
(1019, 304, '8920'),
(1020, 360, '8930'),
(1021, 549, '8940'),
(1022, 240, '8950'),
(1023, 240, '8951'),
(1024, 240, '8952'),
(1025, 240, '8953'),
(1026, 240, '8954'),
(1027, 240, '8956'),
(1028, 366, '8957'),
(1029, 240, '8958'),
(1030, 428, '8970'),
(1031, 428, '8972'),
(1032, 428, '8978'),
(1033, 573, '8980'),
(1034, 192, '9000'),
(1035, 192, '9030'),
(1036, 192, '9031'),
(1037, 192, '9032'),
(1038, 192, '9040'),
(1039, 192, '9041'),
(1040, 192, '9042'),
(1041, 192, '9050'),
(1042, 192, '9051'),
(1043, 192, '9052'),
(1044, 569, '9060'),
(1045, 128, '9070'),
(1046, 336, '9080'),
(1047, 359, '9090'),
(1048, 479, '9100'),
(1049, 479, '9111'),
(1050, 479, '9112'),
(1051, 58, '9120'),
(1052, 58, '9130'),
(1053, 496, '9140'),
(1054, 292, '9150'),
(1055, 337, '9160'),
(1056, 474, '9170'),
(1057, 371, '9180'),
(1058, 534, '9185'),
(1059, 493, '9190'),
(1060, 125, '9200'),
(1061, 212, '9220'),
(1062, 551, '9230'),
(1063, 568, '9240'),
(1064, 533, '9250'),
(1065, 91, '9255'),
(1066, 554, '9260'),
(1067, 301, '9270'),
(1068, 307, '9280'),
(1069, 52, '9290'),
(1070, 1, '9300'),
(1071, 1, '9308'),
(1072, 1, '9310'),
(1073, 1, '9320'),
(1074, 308, '9340'),
(1075, 394, '9400'),
(1076, 394, '9401'),
(1077, 394, '9402'),
(1078, 394, '9403'),
(1079, 394, '9404'),
(1080, 394, '9406'),
(1081, 150, '9420'),
(1082, 206, '9450'),
(1083, 206, '9451'),
(1084, 124, '9470'),
(1085, 124, '9472'),
(1086, 124, '9473'),
(1087, 193, '9500'),
(1088, 193, '9506'),
(1089, 477, '9520'),
(1090, 477, '9521'),
(1091, 238, '9550'),
(1092, 238, '9551'),
(1093, 238, '9552'),
(1094, 325, '9570'),
(1095, 325, '9571'),
(1096, 325, '9572'),
(1097, 441, '9600'),
(1098, 574, '9620'),
(1099, 579, '9630'),
(1100, 579, '9636'),
(1101, 82, '9660'),
(1102, 82, '9661'),
(1103, 248, '9667'),
(1104, 343, '9680'),
(1105, 343, '9681'),
(1106, 343, '9688'),
(1107, 280, '9690'),
(1108, 410, '9700'),
(1109, 293, '9750'),
(1110, 293, '9770'),
(1111, 293, '9771'),
(1112, 293, '9772'),
(1113, 562, '9790'),
(1114, 123, '9800'),
(1115, 387, '9810'),
(1116, 363, '9820'),
(1117, 478, '9830'),
(1118, 478, '9831'),
(1119, 121, '9840'),
(1120, 123, '9850'),
(1121, 401, '9860'),
(1122, 577, '9870'),
(1123, 2, '9880'),
(1124, 2, '9881'),
(1125, 184, '9890'),
(1126, 144, '9900'),
(1127, 2, '9910'),
(1128, 327, '9920'),
(1129, 327, '9921'),
(1130, 327, '9930'),
(1131, 327, '9931'),
(1132, 327, '9932'),
(1133, 161, '9940'),
(1134, 327, '9950'),
(1135, 25, '9960'),
(1136, 25, '9961'),
(1137, 25, '9968'),
(1138, 276, '9970'),
(1139, 276, '9971'),
(1140, 476, '9980'),
(1141, 476, '9981'),
(1142, 476, '9982'),
(1143, 476, '9988'),
(1144, 347, '9990'),
(1145, 347, '9991'),
(1146, 347, '9992');

-- --------------------------------------------------------

--
-- Structure de la table `promotion`
--

CREATE TABLE IF NOT EXISTS `promotion` (
  `id` int NOT NULL AUTO_INCREMENT,
  `provider_id` int NOT NULL,
  `service_category_id` int DEFAULT NULL,
  `name` varchar(255) COLLATE utf8mb4_unicode_ci NOT NULL,
  `description` longtext COLLATE utf8mb4_unicode_ci NOT NULL,
  `pdfdocument` varchar(255) COLLATE utf8mb4_unicode_ci DEFAULT NULL,
  `start_at` date NOT NULL,
  `end_at` date NOT NULL,
  `displayed_from` date NOT NULL,
  `displayed_until` date NOT NULL,
  PRIMARY KEY (`id`),
  KEY `IDX_C11D7DD1A53A8AA` (`provider_id`),
  KEY `IDX_C11D7DD1DEDCBB4E` (`service_category_id`)
) ENGINE=InnoDB DEFAULT CHARSET=utf8mb4 COLLATE=utf8mb4_unicode_ci;

-- --------------------------------------------------------

--
-- Structure de la table `provider`
--

CREATE TABLE IF NOT EXISTS `provider` (
  `id` int NOT NULL AUTO_INCREMENT,
  `user_id` int NOT NULL,
  `name` varchar(255) COLLATE utf8mb4_unicode_ci NOT NULL,
  `website` varchar(255) COLLATE utf8mb4_unicode_ci DEFAULT NULL,
  `phone_number` varchar(25) COLLATE utf8mb4_unicode_ci NOT NULL,
  `vtanumber` varchar(15) COLLATE utf8mb4_unicode_ci NOT NULL,
  `description` longtext COLLATE utf8mb4_unicode_ci NOT NULL,
  `logo` varchar(255) COLLATE utf8mb4_unicode_ci NOT NULL,
  PRIMARY KEY (`id`),
  UNIQUE KEY `UNIQ_92C4739CA76ED395` (`user_id`)
) ENGINE=InnoDB AUTO_INCREMENT=2 DEFAULT CHARSET=utf8mb4 COLLATE=utf8mb4_unicode_ci;

-- --------------------------------------------------------

--
-- Structure de la table `provider_category`
--

CREATE TABLE IF NOT EXISTS `provider_category` (
  `provider_id` int NOT NULL,
  `service_category_id` int NOT NULL,
  PRIMARY KEY (`provider_id`,`service_category_id`),
  KEY `IDX_4E0E7728A53A8AA` (`provider_id`),
  KEY `IDX_4E0E7728DEDCBB4E` (`service_category_id`)
) ENGINE=InnoDB DEFAULT CHARSET=utf8mb4 COLLATE=utf8mb4_unicode_ci;

-- --------------------------------------------------------

--
-- Structure de la table `report`
--

CREATE TABLE IF NOT EXISTS `report` (
  `id` int NOT NULL AUTO_INCREMENT,
  `customer_id` int NOT NULL,
  `comment_id` int NOT NULL,
  `description` varchar(255) COLLATE utf8mb4_unicode_ci NOT NULL,
  `reported_at` datetime NOT NULL,
  PRIMARY KEY (`id`),
  KEY `IDX_C42F77849395C3F3` (`customer_id`),
  KEY `IDX_C42F7784F8697D13` (`comment_id`)
) ENGINE=InnoDB DEFAULT CHARSET=utf8mb4 COLLATE=utf8mb4_unicode_ci;

-- --------------------------------------------------------

--
-- Structure de la table `reset_password_request`
--

CREATE TABLE IF NOT EXISTS `reset_password_request` (
  `id` int NOT NULL AUTO_INCREMENT,
  `user_id` int NOT NULL,
  `selector` varchar(20) COLLATE utf8mb4_unicode_ci NOT NULL,
  `hashed_token` varchar(100) COLLATE utf8mb4_unicode_ci NOT NULL,
  `requested_at` datetime NOT NULL COMMENT '(DC2Type:datetime_immutable)',
  `expires_at` datetime NOT NULL COMMENT '(DC2Type:datetime_immutable)',
  PRIMARY KEY (`id`),
  KEY `IDX_7CE748AA76ED395` (`user_id`)
) ENGINE=InnoDB DEFAULT CHARSET=utf8mb4 COLLATE=utf8mb4_unicode_ci;

-- --------------------------------------------------------

--
-- Structure de la table `service_category`
--

CREATE TABLE IF NOT EXISTS `service_category` (
  `id` int NOT NULL AUTO_INCREMENT,
  `name` varchar(120) COLLATE utf8mb4_unicode_ci NOT NULL,
  `description` longtext COLLATE utf8mb4_unicode_ci NOT NULL,
  `highlighted` tinyint(1) NOT NULL,
  `validated` tinyint(1) NOT NULL,
  `image` varchar(255) COLLATE utf8mb4_unicode_ci DEFAULT NULL,
  PRIMARY KEY (`id`)
) ENGINE=InnoDB AUTO_INCREMENT=5 DEFAULT CHARSET=utf8mb4 COLLATE=utf8mb4_unicode_ci;

-- --------------------------------------------------------

--
-- Structure de la table `user`
--

CREATE TABLE IF NOT EXISTS `user` (
  `id` int NOT NULL AUTO_INCREMENT,
  `locality_id` int NOT NULL,
  `email` varchar(180) COLLATE utf8mb4_unicode_ci NOT NULL,
  `roles` json NOT NULL,
  `password` varchar(255) COLLATE utf8mb4_unicode_ci NOT NULL,
  `address_number` varchar(10) COLLATE utf8mb4_unicode_ci NOT NULL,
  `address_street` varchar(255) COLLATE utf8mb4_unicode_ci NOT NULL,
  `registered_on` datetime NOT NULL,
  `unsuccessful_attempts` int DEFAULT NULL,
  `banned` tinyint(1) NOT NULL,
  `is_verified` tinyint(1) NOT NULL,
  `privacy_policy` tinyint(1) NOT NULL,
  PRIMARY KEY (`id`),
  UNIQUE KEY `UNIQ_8D93D649E7927C74` (`email`),
  KEY `IDX_8D93D64988823A92` (`locality_id`)
) ENGINE=InnoDB AUTO_INCREMENT=4 DEFAULT CHARSET=utf8mb4 COLLATE=utf8mb4_unicode_ci;

--
-- Déchargement des données de la table `user`
--

INSERT INTO `user` (`id`, `locality_id`, `email`, `roles`, `password`, `address_number`, `address_street`, `registered_on`, `unsuccessful_attempts`, `banned`, `is_verified`, `privacy_policy`) VALUES
(3, 1391, 'braun.natacha@gmail.com', '[\"ROLE_ADMIN\"]', '$2y$13$s83BCNXfXjGQTBMnYmNhdOksopDwIMMTH89lASwmrua6uYHnZxxuW', '21', 'Rue du test', '2022-03-20 16:13:46', 0, 0, 1, 1);

--
-- Contraintes pour les tables déchargées
--

--
-- Contraintes pour la table `comment`
--
ALTER TABLE `comment`
  ADD CONSTRAINT `FK_9474526C9395C3F3` FOREIGN KEY (`customer_id`) REFERENCES `customer` (`id`),
  ADD CONSTRAINT `FK_9474526CA53A8AA` FOREIGN KEY (`provider_id`) REFERENCES `provider` (`id`);

--
-- Contraintes pour la table `customer`
--
ALTER TABLE `customer`
  ADD CONSTRAINT `FK_81398E09A76ED395` FOREIGN KEY (`user_id`) REFERENCES `user` (`id`);

--
-- Contraintes pour la table `favorite`
--
ALTER TABLE `favorite`
  ADD CONSTRAINT `FK_68C58ED99395C3F3` FOREIGN KEY (`customer_id`) REFERENCES `customer` (`id`) ON DELETE CASCADE,
  ADD CONSTRAINT `FK_68C58ED9A53A8AA` FOREIGN KEY (`provider_id`) REFERENCES `provider` (`id`) ON DELETE CASCADE;

--
-- Contraintes pour la table `image`
--
ALTER TABLE `image`
  ADD CONSTRAINT `FK_C53D045F9395C3F3` FOREIGN KEY (`customer_id`) REFERENCES `customer` (`id`),
  ADD CONSTRAINT `FK_C53D045FA53A8AA` FOREIGN KEY (`provider_id`) REFERENCES `provider` (`id`),
  ADD CONSTRAINT `FK_C53D045FDEDCBB4E` FOREIGN KEY (`service_category_id`) REFERENCES `service_category` (`id`);

--
-- Contraintes pour la table `internship`
--
ALTER TABLE `internship`
  ADD CONSTRAINT `FK_10D1B00CA53A8AA` FOREIGN KEY (`provider_id`) REFERENCES `provider` (`id`);

--
-- Contraintes pour la table `locality`
--
ALTER TABLE `locality`
  ADD CONSTRAINT `FK_E1D6B8E61A324924` FOREIGN KEY (`post_code_id`) REFERENCES `post_code` (`id`);

--
-- Contraintes pour la table `post_code`
--
ALTER TABLE `post_code`
  ADD CONSTRAINT `FK_BE405793AE6F181C` FOREIGN KEY (`municipality_id`) REFERENCES `municipality` (`id`);

--
-- Contraintes pour la table `promotion`
--
ALTER TABLE `promotion`
  ADD CONSTRAINT `FK_C11D7DD1A53A8AA` FOREIGN KEY (`provider_id`) REFERENCES `provider` (`id`),
  ADD CONSTRAINT `FK_C11D7DD1DEDCBB4E` FOREIGN KEY (`service_category_id`) REFERENCES `service_category` (`id`);

--
-- Contraintes pour la table `provider`
--
ALTER TABLE `provider`
  ADD CONSTRAINT `FK_92C4739CA76ED395` FOREIGN KEY (`user_id`) REFERENCES `user` (`id`);

--
-- Contraintes pour la table `provider_category`
--
ALTER TABLE `provider_category`
  ADD CONSTRAINT `FK_4E0E7728A53A8AA` FOREIGN KEY (`provider_id`) REFERENCES `provider` (`id`) ON DELETE CASCADE,
  ADD CONSTRAINT `FK_4E0E7728DEDCBB4E` FOREIGN KEY (`service_category_id`) REFERENCES `service_category` (`id`) ON DELETE CASCADE;

--
-- Contraintes pour la table `report`
--
ALTER TABLE `report`
  ADD CONSTRAINT `FK_C42F77849395C3F3` FOREIGN KEY (`customer_id`) REFERENCES `customer` (`id`),
  ADD CONSTRAINT `FK_C42F7784F8697D13` FOREIGN KEY (`comment_id`) REFERENCES `comment` (`id`);

--
-- Contraintes pour la table `reset_password_request`
--
ALTER TABLE `reset_password_request`
  ADD CONSTRAINT `FK_7CE748AA76ED395` FOREIGN KEY (`user_id`) REFERENCES `user` (`id`);

--
-- Contraintes pour la table `user`
--
ALTER TABLE `user`
  ADD CONSTRAINT `FK_8D93D64988823A92` FOREIGN KEY (`locality_id`) REFERENCES `locality` (`id`);
COMMIT;

/*!40101 SET CHARACTER_SET_CLIENT=@OLD_CHARACTER_SET_CLIENT */;
/*!40101 SET CHARACTER_SET_RESULTS=@OLD_CHARACTER_SET_RESULTS */;
/*!40101 SET COLLATION_CONNECTION=@OLD_COLLATION_CONNECTION */;
